-- MySQL dump 10.13  Distrib 8.3.0, for macos12.6 (arm64)
--
-- Host: localhost    Database: pcs_tes
-- ------------------------------------------------------
-- Server version	8.3.0

/*!40101 SET @OLD_CHARACTER_SET_CLIENT=@@CHARACTER_SET_CLIENT */;
/*!40101 SET @OLD_CHARACTER_SET_RESULTS=@@CHARACTER_SET_RESULTS */;
/*!40101 SET @OLD_COLLATION_CONNECTION=@@COLLATION_CONNECTION */;
/*!50503 SET NAMES utf8mb4 */;
/*!40103 SET @OLD_TIME_ZONE=@@TIME_ZONE */;
/*!40103 SET TIME_ZONE='+00:00' */;
/*!40014 SET @OLD_UNIQUE_CHECKS=@@UNIQUE_CHECKS, UNIQUE_CHECKS=0 */;
/*!40014 SET @OLD_FOREIGN_KEY_CHECKS=@@FOREIGN_KEY_CHECKS, FOREIGN_KEY_CHECKS=0 */;
/*!40101 SET @OLD_SQL_MODE=@@SQL_MODE, SQL_MODE='NO_AUTO_VALUE_ON_ZERO' */;
/*!40111 SET @OLD_SQL_NOTES=@@SQL_NOTES, SQL_NOTES=0 */;

--
-- Table structure for table `cart_items`
--

DROP TABLE IF EXISTS `cart_items`;
/*!40101 SET @saved_cs_client     = @@character_set_client */;
/*!50503 SET character_set_client = utf8mb4 */;
CREATE TABLE `cart_items` (
  `id` bigint unsigned NOT NULL AUTO_INCREMENT,
  `cart_id` bigint unsigned NOT NULL,
  `product_id` bigint unsigned NOT NULL,
  `quantity` int NOT NULL,
  PRIMARY KEY (`id`),
  KEY `cart_items_cart_id_foreign` (`cart_id`),
  KEY `cart_items_product_id_foreign` (`product_id`),
  CONSTRAINT `cart_items_cart_id_foreign` FOREIGN KEY (`cart_id`) REFERENCES `carts` (`id`),
  CONSTRAINT `cart_items_product_id_foreign` FOREIGN KEY (`product_id`) REFERENCES `products` (`id`)
) ENGINE=InnoDB AUTO_INCREMENT=11 DEFAULT CHARSET=utf8mb4 COLLATE=utf8mb4_unicode_ci;
/*!40101 SET character_set_client = @saved_cs_client */;

--
-- Dumping data for table `cart_items`
--

LOCK TABLES `cart_items` WRITE;
/*!40000 ALTER TABLE `cart_items` DISABLE KEYS */;
/*!40000 ALTER TABLE `cart_items` ENABLE KEYS */;
UNLOCK TABLES;

--
-- Table structure for table `carts`
--

DROP TABLE IF EXISTS `carts`;
/*!40101 SET @saved_cs_client     = @@character_set_client */;
/*!50503 SET character_set_client = utf8mb4 */;
CREATE TABLE `carts` (
  `id` bigint unsigned NOT NULL AUTO_INCREMENT,
  `user_id` bigint unsigned NOT NULL,
  PRIMARY KEY (`id`),
  KEY `carts_user_id_foreign` (`user_id`),
  CONSTRAINT `carts_user_id_foreign` FOREIGN KEY (`user_id`) REFERENCES `users` (`id`)
) ENGINE=InnoDB AUTO_INCREMENT=3 DEFAULT CHARSET=utf8mb4 COLLATE=utf8mb4_unicode_ci;
/*!40101 SET character_set_client = @saved_cs_client */;

--
-- Dumping data for table `carts`
--

LOCK TABLES `carts` WRITE;
/*!40000 ALTER TABLE `carts` DISABLE KEYS */;
INSERT INTO `carts` VALUES (1,1),(2,2);
/*!40000 ALTER TABLE `carts` ENABLE KEYS */;
UNLOCK TABLES;

--
-- Table structure for table `coupons`
--

DROP TABLE IF EXISTS `coupons`;
/*!40101 SET @saved_cs_client     = @@character_set_client */;
/*!50503 SET character_set_client = utf8mb4 */;
CREATE TABLE `coupons` (
  `id` bigint unsigned NOT NULL AUTO_INCREMENT,
  `code` varchar(255) COLLATE utf8mb4_unicode_ci NOT NULL,
  `user_id` bigint unsigned NOT NULL,
  `created_at` timestamp NULL DEFAULT NULL,
  `updated_at` timestamp NULL DEFAULT NULL,
  PRIMARY KEY (`id`),
  KEY `coupons_user_id_foreign` (`user_id`),
  CONSTRAINT `coupons_user_id_foreign` FOREIGN KEY (`user_id`) REFERENCES `users` (`id`)
) ENGINE=InnoDB AUTO_INCREMENT=8 DEFAULT CHARSET=utf8mb4 COLLATE=utf8mb4_unicode_ci;
/*!40101 SET character_set_client = @saved_cs_client */;

--
-- Dumping data for table `coupons`
--

LOCK TABLES `coupons` WRITE;
/*!40000 ALTER TABLE `coupons` DISABLE KEYS */;
INSERT INTO `coupons` VALUES (1,'BORONG123',1,'2024-06-04 06:52:57','2024-06-04 06:52:57'),(2,'BORONG123',1,'2024-06-04 06:52:57','2024-06-04 06:52:57'),(3,'BORONG123',1,'2024-06-04 06:52:57','2024-06-04 06:52:57'),(4,'BONUS234',1,'2024-06-04 06:52:57','2024-06-04 06:52:57'),(5,'BONUS234',1,'2024-06-04 06:52:57','2024-06-04 06:52:57'),(6,'BONUS234',1,'2024-06-04 06:52:57','2024-06-04 06:52:57'),(7,'BONUS234',1,'2024-06-04 06:52:57','2024-06-04 06:52:57');
/*!40000 ALTER TABLE `coupons` ENABLE KEYS */;
UNLOCK TABLES;

--
-- Table structure for table `failed_jobs`
--

DROP TABLE IF EXISTS `failed_jobs`;
/*!40101 SET @saved_cs_client     = @@character_set_client */;
/*!50503 SET character_set_client = utf8mb4 */;
CREATE TABLE `failed_jobs` (
  `id` bigint unsigned NOT NULL AUTO_INCREMENT,
  `uuid` varchar(255) COLLATE utf8mb4_unicode_ci NOT NULL,
  `connection` text COLLATE utf8mb4_unicode_ci NOT NULL,
  `queue` text COLLATE utf8mb4_unicode_ci NOT NULL,
  `payload` longtext COLLATE utf8mb4_unicode_ci NOT NULL,
  `exception` longtext COLLATE utf8mb4_unicode_ci NOT NULL,
  `failed_at` timestamp NOT NULL DEFAULT CURRENT_TIMESTAMP,
  PRIMARY KEY (`id`),
  UNIQUE KEY `failed_jobs_uuid_unique` (`uuid`)
) ENGINE=InnoDB DEFAULT CHARSET=utf8mb4 COLLATE=utf8mb4_unicode_ci;
/*!40101 SET character_set_client = @saved_cs_client */;

--
-- Dumping data for table `failed_jobs`
--

LOCK TABLES `failed_jobs` WRITE;
/*!40000 ALTER TABLE `failed_jobs` DISABLE KEYS */;
/*!40000 ALTER TABLE `failed_jobs` ENABLE KEYS */;
UNLOCK TABLES;

--
-- Table structure for table `migrations`
--

DROP TABLE IF EXISTS `migrations`;
/*!40101 SET @saved_cs_client     = @@character_set_client */;
/*!50503 SET character_set_client = utf8mb4 */;
CREATE TABLE `migrations` (
  `id` int unsigned NOT NULL AUTO_INCREMENT,
  `migration` varchar(255) COLLATE utf8mb4_unicode_ci NOT NULL,
  `batch` int NOT NULL,
  PRIMARY KEY (`id`)
) ENGINE=InnoDB AUTO_INCREMENT=13 DEFAULT CHARSET=utf8mb4 COLLATE=utf8mb4_unicode_ci;
/*!40101 SET character_set_client = @saved_cs_client */;

--
-- Dumping data for table `migrations`
--

LOCK TABLES `migrations` WRITE;
/*!40000 ALTER TABLE `migrations` DISABLE KEYS */;
INSERT INTO `migrations` VALUES (1,'2014_10_12_000000_create_users_table',1),(2,'2014_10_12_100000_create_password_reset_tokens_table',1),(3,'2019_08_19_000000_create_failed_jobs_table',1),(4,'2019_12_14_000001_create_personal_access_tokens_table',1),(5,'2024_06_03_071444_create_products_table',1),(6,'2024_06_03_071911_create_carts_table',1),(7,'2024_06_03_072018_create_cart_items_table',1),(8,'2024_06_03_072147_create_coupons_table',1),(9,'2024_06_03_072305_create_orders_table',1),(10,'2024_06_03_072430_create_order_items_table',1),(11,'2024_06_03_072714_add_users_foreign_key_relationships',1),(12,'2024_06_04_101322_add_timestamps_to_order_items',2);
/*!40000 ALTER TABLE `migrations` ENABLE KEYS */;
UNLOCK TABLES;

--
-- Table structure for table `order_items`
--

DROP TABLE IF EXISTS `order_items`;
/*!40101 SET @saved_cs_client     = @@character_set_client */;
/*!50503 SET character_set_client = utf8mb4 */;
CREATE TABLE `order_items` (
  `id` bigint unsigned NOT NULL AUTO_INCREMENT,
  `total_price` double(8,2) NOT NULL,
  `per_item_price` double(8,2) NOT NULL,
  `quantity` int NOT NULL,
  `order_id` bigint unsigned NOT NULL,
  `product_id` bigint unsigned NOT NULL,
  `created_at` timestamp NULL DEFAULT NULL,
  `updated_at` timestamp NULL DEFAULT NULL,
  PRIMARY KEY (`id`),
  KEY `order_items_order_id_foreign` (`order_id`),
  KEY `order_items_product_id_foreign` (`product_id`),
  CONSTRAINT `order_items_order_id_foreign` FOREIGN KEY (`order_id`) REFERENCES `orders` (`id`),
  CONSTRAINT `order_items_product_id_foreign` FOREIGN KEY (`product_id`) REFERENCES `products` (`id`)
) ENGINE=InnoDB AUTO_INCREMENT=7 DEFAULT CHARSET=utf8mb4 COLLATE=utf8mb4_unicode_ci;
/*!40101 SET character_set_client = @saved_cs_client */;

--
-- Dumping data for table `order_items`
--

LOCK TABLES `order_items` WRITE;
/*!40000 ALTER TABLE `order_items` DISABLE KEYS */;
INSERT INTO `order_items` VALUES (1,120000.00,30000.00,4,8,3,'2024-06-04 06:52:57','2024-06-04 06:52:57'),(2,40000.00,40000.00,1,8,4,'2024-06-04 06:52:57','2024-06-04 06:52:57'),(3,180000.00,30000.00,6,8,5,'2024-06-04 06:52:57','2024-06-04 06:52:57'),(4,70000.00,10000.00,7,8,6,'2024-06-04 06:52:57','2024-06-04 06:52:57'),(5,30000.00,30000.00,1,9,1,'2024-06-04 07:40:28','2024-06-04 07:40:28'),(6,10000.00,10000.00,1,9,2,'2024-06-04 07:40:28','2024-06-04 07:40:28');
/*!40000 ALTER TABLE `order_items` ENABLE KEYS */;
UNLOCK TABLES;

--
-- Table structure for table `orders`
--

DROP TABLE IF EXISTS `orders`;
/*!40101 SET @saved_cs_client     = @@character_set_client */;
/*!50503 SET character_set_client = utf8mb4 */;
CREATE TABLE `orders` (
  `id` bigint unsigned NOT NULL AUTO_INCREMENT,
  `total_price` double(8,2) NOT NULL,
  `total_quantity` int NOT NULL,
  `total_coupons_received` int NOT NULL,
  `user_id` bigint unsigned NOT NULL,
  `created_at` timestamp NULL DEFAULT NULL,
  `updated_at` timestamp NULL DEFAULT NULL,
  PRIMARY KEY (`id`),
  KEY `orders_user_id_foreign` (`user_id`),
  CONSTRAINT `orders_user_id_foreign` FOREIGN KEY (`user_id`) REFERENCES `users` (`id`)
) ENGINE=InnoDB AUTO_INCREMENT=10 DEFAULT CHARSET=utf8mb4 COLLATE=utf8mb4_unicode_ci;
/*!40101 SET character_set_client = @saved_cs_client */;

--
-- Dumping data for table `orders`
--

LOCK TABLES `orders` WRITE;
/*!40000 ALTER TABLE `orders` DISABLE KEYS */;
INSERT INTO `orders` VALUES (1,410000.00,18,7,1,'2024-06-04 03:04:13','2024-06-04 03:04:13'),(8,410000.00,18,7,1,'2024-06-04 06:52:57','2024-06-04 06:52:57'),(9,40000.00,2,0,1,'2024-06-04 07:40:28','2024-06-04 07:40:28');
/*!40000 ALTER TABLE `orders` ENABLE KEYS */;
UNLOCK TABLES;

--
-- Table structure for table `password_reset_tokens`
--

DROP TABLE IF EXISTS `password_reset_tokens`;
/*!40101 SET @saved_cs_client     = @@character_set_client */;
/*!50503 SET character_set_client = utf8mb4 */;
CREATE TABLE `password_reset_tokens` (
  `email` varchar(255) COLLATE utf8mb4_unicode_ci NOT NULL,
  `token` varchar(255) COLLATE utf8mb4_unicode_ci NOT NULL,
  `created_at` timestamp NULL DEFAULT NULL,
  PRIMARY KEY (`email`)
) ENGINE=InnoDB DEFAULT CHARSET=utf8mb4 COLLATE=utf8mb4_unicode_ci;
/*!40101 SET character_set_client = @saved_cs_client */;

--
-- Dumping data for table `password_reset_tokens`
--

LOCK TABLES `password_reset_tokens` WRITE;
/*!40000 ALTER TABLE `password_reset_tokens` DISABLE KEYS */;
/*!40000 ALTER TABLE `password_reset_tokens` ENABLE KEYS */;
UNLOCK TABLES;

--
-- Table structure for table `personal_access_tokens`
--

DROP TABLE IF EXISTS `personal_access_tokens`;
/*!40101 SET @saved_cs_client     = @@character_set_client */;
/*!50503 SET character_set_client = utf8mb4 */;
CREATE TABLE `personal_access_tokens` (
  `id` bigint unsigned NOT NULL AUTO_INCREMENT,
  `tokenable_type` varchar(255) COLLATE utf8mb4_unicode_ci NOT NULL,
  `tokenable_id` bigint unsigned NOT NULL,
  `name` varchar(255) COLLATE utf8mb4_unicode_ci NOT NULL,
  `token` varchar(64) COLLATE utf8mb4_unicode_ci NOT NULL,
  `abilities` text COLLATE utf8mb4_unicode_ci,
  `last_used_at` timestamp NULL DEFAULT NULL,
  `expires_at` timestamp NULL DEFAULT NULL,
  `created_at` timestamp NULL DEFAULT NULL,
  `updated_at` timestamp NULL DEFAULT NULL,
  PRIMARY KEY (`id`),
  UNIQUE KEY `personal_access_tokens_token_unique` (`token`),
  KEY `personal_access_tokens_tokenable_type_tokenable_id_index` (`tokenable_type`,`tokenable_id`)
) ENGINE=InnoDB AUTO_INCREMENT=13 DEFAULT CHARSET=utf8mb4 COLLATE=utf8mb4_unicode_ci;
/*!40101 SET character_set_client = @saved_cs_client */;

--
-- Dumping data for table `personal_access_tokens`
--

LOCK TABLES `personal_access_tokens` WRITE;
/*!40000 ALTER TABLE `personal_access_tokens` DISABLE KEYS */;
INSERT INTO `personal_access_tokens` VALUES (1,'App\\Models\\User',1,'auth_token','528c4102cc5f20a4f8c7f6d846041e324fc149ee71f8c65b2598aaf805c48f3b','[\"*\"]','2024-06-03 08:27:50',NULL,'2024-06-03 07:59:00','2024-06-03 08:27:50'),(2,'App\\Models\\User',1,'auth_token','98379fdcffb09d198990bb14e401226088888046138f3aa551a2b2cd2d4fa0d7','[\"*\"]','2024-06-03 09:39:09',NULL,'2024-06-03 09:32:33','2024-06-03 09:39:09'),(3,'App\\Models\\User',1,'auth_token','6ed92ec23fbf3d03f899261fae9f3f8b6b86b970bc45e4c5021a37ba5fd38d11','[\"*\"]','2024-06-03 11:01:50',NULL,'2024-06-03 10:47:32','2024-06-03 11:01:50'),(4,'App\\Models\\User',1,'auth_token','e87e4529c660f3d036dd685d89438f25b5878d0f0ad3469e326f820affb62e68','[\"*\"]','2024-06-03 20:54:25',NULL,'2024-06-03 20:07:05','2024-06-03 20:54:25'),(5,'App\\Models\\User',1,'auth_token','c81b5557a4e187f9430d10daa5657d0223ece6dcd355e896b169157a090ce8cd','[\"*\"]','2024-06-03 21:37:37',NULL,'2024-06-03 21:09:02','2024-06-03 21:37:37'),(6,'App\\Models\\User',1,'auth_token','5ebf32ea8b52679bc942e503b9900dcacd943ecbba26a93b22482a1c843efd04','[\"*\"]','2024-06-04 00:59:39',NULL,'2024-06-04 00:02:29','2024-06-04 00:59:39'),(7,'App\\Models\\User',1,'auth_token','db849bb95e31f39862d33f649efe7e32a42990b072ef7883094c2416a5a02afe','[\"*\"]','2024-06-04 01:37:51',NULL,'2024-06-04 01:03:33','2024-06-04 01:37:51'),(8,'App\\Models\\User',1,'auth_token','a31964f5ffe40d7dd9e91fcb82d123bced60fcc4663baf997ce5138b77542a55','[\"*\"]','2024-06-04 03:15:21',NULL,'2024-06-04 03:03:37','2024-06-04 03:15:21'),(9,'App\\Models\\User',1,'auth_token','6bbbaa34af38a14f2c7fef0013ce0566aa00ed530587c748a88b4ea818d2bc40','[\"*\"]','2024-06-04 07:35:27',NULL,'2024-06-04 06:36:45','2024-06-04 07:35:27'),(10,'App\\Models\\User',1,'auth_token','9615b40fdeda1aeb8f5cdd7896f54bfd8971b1ab9bf0d86f305433144277e1d2','[\"*\"]','2024-06-04 07:40:57',NULL,'2024-06-04 07:37:23','2024-06-04 07:40:57'),(11,'App\\Models\\User',1,'auth_token','372e7f0d84bdaa2f5ae9772411ad48cfc25ce3b5832357e84ede84bac35cdb60','[\"*\"]','2024-06-04 09:00:49',NULL,'2024-06-04 08:20:25','2024-06-04 09:00:49'),(12,'App\\Models\\User',1,'auth_token','275ef6635d8849232476c1b13dbc036ed35f1d25e2e3a65b25da353773c508a9','[\"*\"]','2024-06-04 08:52:38',NULL,'2024-06-04 08:52:07','2024-06-04 08:52:38');
/*!40000 ALTER TABLE `personal_access_tokens` ENABLE KEYS */;
UNLOCK TABLES;

--
-- Table structure for table `products`
--

DROP TABLE IF EXISTS `products`;
/*!40101 SET @saved_cs_client     = @@character_set_client */;
/*!50503 SET character_set_client = utf8mb4 */;
CREATE TABLE `products` (
  `id` bigint unsigned NOT NULL AUTO_INCREMENT,
  `price` double(8,2) NOT NULL,
  `name` varchar(255) COLLATE utf8mb4_unicode_ci NOT NULL,
  `quantity` int NOT NULL,
  `image_url` varchar(255) COLLATE utf8mb4_unicode_ci NOT NULL,
  `created_at` timestamp NULL DEFAULT NULL,
  `updated_at` timestamp NULL DEFAULT NULL,
  PRIMARY KEY (`id`)
) ENGINE=InnoDB AUTO_INCREMENT=1001 DEFAULT CHARSET=utf8mb4 COLLATE=utf8mb4_unicode_ci;
/*!40101 SET character_set_client = @saved_cs_client */;

--
-- Dumping data for table `products`
--

LOCK TABLES `products` WRITE;
/*!40000 ALTER TABLE `products` DISABLE KEYS */;
INSERT INTO `products` VALUES (1,30000.00,'Corn Meal',96,'http://dummyimage.com/1000x1000.png/5fa2dd/ffffff','2024-06-03 05:32:53','2024-06-04 07:40:28'),(2,10000.00,'Cups 10oz Trans',82,'http://dummyimage.com/1000x1000.png/cc0000/ffffff','2024-06-03 05:32:53','2024-06-04 07:40:28'),(3,30000.00,'Coffee - Colombian, Portioned',83,'http://dummyimage.com/1000x1000.png/5fa2dd/ffffff','2024-06-03 05:32:53','2024-06-03 05:32:53'),(4,40000.00,'Shrimp - 16/20, Iqf, Shell On',46,'http://dummyimage.com/1000x1000.png/ff4444/ffffff','2024-06-03 05:32:53','2024-06-03 05:32:53'),(5,30000.00,'Crackers Cheez It',94,'http://dummyimage.com/1000x1000.png/dddddd/000000','2024-06-03 05:32:53','2024-06-03 05:32:53'),(6,10000.00,'Lemonade - Mandarin, 591 Ml',72,'http://dummyimage.com/1000x1000.png/cc0000/ffffff','2024-06-03 05:32:53','2024-06-03 05:32:53'),(7,100000.00,'Herb Du Provence - Primerba',74,'http://dummyimage.com/1000x1000.png/cc0000/ffffff','2024-06-03 05:32:53','2024-06-03 05:32:53'),(8,20000.00,'Chicken Thigh - Bone Out',48,'http://dummyimage.com/1000x1000.png/5fa2dd/ffffff','2024-06-03 05:32:53','2024-06-03 05:32:53'),(9,100000.00,'Water - Mineral, Natural',52,'http://dummyimage.com/1000x1000.png/dddddd/000000','2024-06-03 05:32:53','2024-06-03 05:32:53'),(10,20000.00,'Raisin - Golden',7,'http://dummyimage.com/1000x1000.png/ff4444/ffffff','2024-06-03 05:32:53','2024-06-03 05:32:53'),(11,90000.00,'Wine - White, Riesling, Henry Of',47,'http://dummyimage.com/1000x1000.png/5fa2dd/ffffff','2024-06-03 05:32:53','2024-06-03 05:32:53'),(12,50000.00,'Coffee - Egg Nog Capuccino',69,'http://dummyimage.com/1000x1000.png/ff4444/ffffff','2024-06-03 05:32:53','2024-06-03 05:32:53'),(13,70000.00,'Cheese - Gouda Smoked',58,'http://dummyimage.com/1000x1000.png/5fa2dd/ffffff','2024-06-03 05:32:53','2024-06-03 05:32:53'),(14,40000.00,'Pepper - Orange',99,'http://dummyimage.com/1000x1000.png/cc0000/ffffff','2024-06-03 05:32:53','2024-06-03 05:32:53'),(15,30000.00,'Lettuce - Romaine, Heart',76,'http://dummyimage.com/1000x1000.png/ff4444/ffffff','2024-06-03 05:32:53','2024-06-03 05:32:53'),(16,40000.00,'Squash - Pattypan, Yellow',19,'http://dummyimage.com/1000x1000.png/cc0000/ffffff','2024-06-03 05:32:53','2024-06-03 05:32:53'),(17,80000.00,'Bread - Olive Dinner Roll',76,'http://dummyimage.com/1000x1000.png/ff4444/ffffff','2024-06-03 05:32:53','2024-06-03 05:32:53'),(18,30000.00,'Water - Perrier',55,'http://dummyimage.com/1000x1000.png/5fa2dd/ffffff','2024-06-03 05:32:53','2024-06-03 05:32:53'),(19,20000.00,'Ginsing - Fresh',64,'http://dummyimage.com/1000x1000.png/cc0000/ffffff','2024-06-03 05:32:53','2024-06-03 05:32:53'),(20,70000.00,'Uniform Linen Charge',33,'http://dummyimage.com/1000x1000.png/ff4444/ffffff','2024-06-03 05:32:53','2024-06-03 05:32:53'),(21,70000.00,'Plate Pie Foil',96,'http://dummyimage.com/1000x1000.png/5fa2dd/ffffff','2024-06-03 05:32:53','2024-06-03 05:32:53'),(22,20000.00,'Potatoes - Idaho 80 Count',65,'http://dummyimage.com/1000x1000.png/ff4444/ffffff','2024-06-03 05:32:53','2024-06-03 05:32:53'),(23,90000.00,'Lighter - Bbq',60,'http://dummyimage.com/1000x1000.png/dddddd/000000','2024-06-03 05:32:53','2024-06-03 05:32:53'),(24,40000.00,'Apricots - Dried',19,'http://dummyimage.com/1000x1000.png/dddddd/000000','2024-06-03 05:32:53','2024-06-03 05:32:53'),(25,90000.00,'Mustard - Individual Pkg',55,'http://dummyimage.com/1000x1000.png/dddddd/000000','2024-06-03 05:32:53','2024-06-03 05:32:53'),(26,20000.00,'Pork - Smoked Kassler',21,'http://dummyimage.com/1000x1000.png/5fa2dd/ffffff','2024-06-03 05:32:53','2024-06-03 05:32:53'),(27,70000.00,'Oil - Grapeseed Oil',19,'http://dummyimage.com/1000x1000.png/ff4444/ffffff','2024-06-03 05:32:53','2024-06-03 05:32:53'),(28,80000.00,'Salmon - Atlantic, Skin On',100,'http://dummyimage.com/1000x1000.png/ff4444/ffffff','2024-06-03 05:32:53','2024-06-03 05:32:53'),(29,100000.00,'Beef - Cow Feet Split',64,'http://dummyimage.com/1000x1000.png/5fa2dd/ffffff','2024-06-03 05:32:53','2024-06-03 05:32:53'),(30,20000.00,'Lamb - Sausage Casings',27,'http://dummyimage.com/1000x1000.png/5fa2dd/ffffff','2024-06-03 05:32:53','2024-06-03 05:32:53'),(31,70000.00,'Mix - Cocktail Strawberry Daiquiri',92,'http://dummyimage.com/1000x1000.png/dddddd/000000','2024-06-03 05:32:53','2024-06-03 05:32:53'),(32,30000.00,'Mushroom - Lg - Cello',48,'http://dummyimage.com/1000x1000.png/ff4444/ffffff','2024-06-03 05:32:53','2024-06-03 05:32:53'),(33,30000.00,'Wine - Balbach Riverside',94,'http://dummyimage.com/1000x1000.png/dddddd/000000','2024-06-03 05:32:53','2024-06-03 05:32:53'),(34,80000.00,'Brownies - Two Bite, Chocolate',78,'http://dummyimage.com/1000x1000.png/cc0000/ffffff','2024-06-03 05:32:53','2024-06-03 05:32:53'),(35,30000.00,'Icecream - Dstk Super Cone',47,'http://dummyimage.com/1000x1000.png/cc0000/ffffff','2024-06-03 05:32:53','2024-06-03 05:32:53'),(36,60000.00,'Prunes - Pitted',54,'http://dummyimage.com/1000x1000.png/ff4444/ffffff','2024-06-03 05:32:53','2024-06-03 05:32:53'),(37,90000.00,'Cake - Mini Potato Pancake',93,'http://dummyimage.com/1000x1000.png/5fa2dd/ffffff','2024-06-03 05:32:53','2024-06-03 05:32:53'),(38,40000.00,'Onions - Cooking',62,'http://dummyimage.com/1000x1000.png/5fa2dd/ffffff','2024-06-03 05:32:53','2024-06-03 05:32:53'),(39,90000.00,'Fiddlehead - Frozen',64,'http://dummyimage.com/1000x1000.png/cc0000/ffffff','2024-06-03 05:32:53','2024-06-03 05:32:53'),(40,90000.00,'The Pop Shoppe - Black Cherry',37,'http://dummyimage.com/1000x1000.png/5fa2dd/ffffff','2024-06-03 05:32:53','2024-06-03 05:32:53'),(41,70000.00,'Beef - Ox Tongue, Pickled',34,'http://dummyimage.com/1000x1000.png/ff4444/ffffff','2024-06-03 05:32:53','2024-06-03 05:32:53'),(42,40000.00,'Crackers - Trio',10,'http://dummyimage.com/1000x1000.png/5fa2dd/ffffff','2024-06-03 05:32:53','2024-06-03 05:32:53'),(43,80000.00,'Yogurt - Peach, 175 Gr',6,'http://dummyimage.com/1000x1000.png/cc0000/ffffff','2024-06-03 05:32:53','2024-06-03 05:32:53'),(44,80000.00,'Towel Multifold',39,'http://dummyimage.com/1000x1000.png/ff4444/ffffff','2024-06-03 05:32:53','2024-06-03 05:32:53'),(45,90000.00,'Greens Mustard',68,'http://dummyimage.com/1000x1000.png/ff4444/ffffff','2024-06-03 05:32:53','2024-06-03 05:32:53'),(46,10000.00,'Scrubbie - Scotchbrite Hand Pad',90,'http://dummyimage.com/1000x1000.png/5fa2dd/ffffff','2024-06-03 05:32:53','2024-06-03 05:32:53'),(47,30000.00,'Soup - Campbells, Butternut',80,'http://dummyimage.com/1000x1000.png/ff4444/ffffff','2024-06-03 05:32:53','2024-06-03 05:32:53'),(48,40000.00,'Fruit Salad Deluxe',25,'http://dummyimage.com/1000x1000.png/ff4444/ffffff','2024-06-03 05:32:53','2024-06-03 05:32:53'),(49,40000.00,'Chicken - Leg, Boneless',45,'http://dummyimage.com/1000x1000.png/5fa2dd/ffffff','2024-06-03 05:32:53','2024-06-03 05:32:53'),(50,30000.00,'Ice Cream Bar - Hagen Daz',72,'http://dummyimage.com/1000x1000.png/dddddd/000000','2024-06-03 05:32:53','2024-06-03 05:32:53'),(51,50000.00,'Dill - Primerba, Paste',44,'http://dummyimage.com/1000x1000.png/cc0000/ffffff','2024-06-03 05:32:53','2024-06-03 05:32:53'),(52,90000.00,'Tart Shells - Savory, 2',26,'http://dummyimage.com/1000x1000.png/dddddd/000000','2024-06-03 05:32:53','2024-06-03 05:32:53'),(53,30000.00,'Red Currant Jelly',39,'http://dummyimage.com/1000x1000.png/5fa2dd/ffffff','2024-06-03 05:32:53','2024-06-03 05:32:53'),(54,20000.00,'The Pop Shoppe - Root Beer',80,'http://dummyimage.com/1000x1000.png/cc0000/ffffff','2024-06-03 05:32:53','2024-06-03 05:32:53'),(55,100000.00,'Tea Leaves - Oolong',67,'http://dummyimage.com/1000x1000.png/dddddd/000000','2024-06-03 05:32:53','2024-06-03 05:32:53'),(56,40000.00,'Asparagus - Green, Fresh',20,'http://dummyimage.com/1000x1000.png/ff4444/ffffff','2024-06-03 05:32:53','2024-06-03 05:32:53'),(57,10000.00,'Beef - Bresaola',77,'http://dummyimage.com/1000x1000.png/cc0000/ffffff','2024-06-03 05:32:53','2024-06-03 05:32:53'),(58,70000.00,'Appetizer - Mango Chevre',16,'http://dummyimage.com/1000x1000.png/dddddd/000000','2024-06-03 05:32:53','2024-06-03 05:32:53'),(59,60000.00,'Vodka - Lemon, Absolut',41,'http://dummyimage.com/1000x1000.png/dddddd/000000','2024-06-03 05:32:53','2024-06-03 05:32:53'),(60,70000.00,'Soup - Campbells Chili Veg',87,'http://dummyimage.com/1000x1000.png/dddddd/000000','2024-06-03 05:32:53','2024-06-03 05:32:53'),(61,50000.00,'Soup Knorr Chili With Beans',7,'http://dummyimage.com/1000x1000.png/cc0000/ffffff','2024-06-03 05:32:53','2024-06-03 05:32:53'),(62,60000.00,'Steam Pan - Half Size Deep',90,'http://dummyimage.com/1000x1000.png/cc0000/ffffff','2024-06-03 05:32:53','2024-06-03 05:32:53'),(63,80000.00,'Water - Spring 1.5lit',15,'http://dummyimage.com/1000x1000.png/cc0000/ffffff','2024-06-03 05:32:53','2024-06-03 05:32:53'),(64,90000.00,'Flour - Fast / Rapid',19,'http://dummyimage.com/1000x1000.png/ff4444/ffffff','2024-06-03 05:32:53','2024-06-03 05:32:53'),(65,10000.00,'Swiss Chard',83,'http://dummyimage.com/1000x1000.png/5fa2dd/ffffff','2024-06-03 05:32:53','2024-06-03 05:32:53'),(66,40000.00,'Water Chestnut - Canned',47,'http://dummyimage.com/1000x1000.png/cc0000/ffffff','2024-06-03 05:32:53','2024-06-03 05:32:53'),(67,60000.00,'Pork - Bacon Cooked Slcd',10,'http://dummyimage.com/1000x1000.png/cc0000/ffffff','2024-06-03 05:32:53','2024-06-03 05:32:53'),(68,80000.00,'Scallops - Live In Shell',41,'http://dummyimage.com/1000x1000.png/cc0000/ffffff','2024-06-03 05:32:53','2024-06-03 05:32:53'),(69,10000.00,'Tuna - Yellowfin',100,'http://dummyimage.com/1000x1000.png/5fa2dd/ffffff','2024-06-03 05:32:53','2024-06-03 05:32:53'),(70,60000.00,'Onions - Red Pearl',36,'http://dummyimage.com/1000x1000.png/cc0000/ffffff','2024-06-03 05:32:53','2024-06-03 05:32:53'),(71,60000.00,'Salmon - Smoked, Sliced',32,'http://dummyimage.com/1000x1000.png/ff4444/ffffff','2024-06-03 05:32:53','2024-06-03 05:32:53'),(72,80000.00,'Rabbit - Frozen',65,'http://dummyimage.com/1000x1000.png/ff4444/ffffff','2024-06-03 05:32:53','2024-06-03 05:32:53'),(73,90000.00,'Melon - Honey Dew',100,'http://dummyimage.com/1000x1000.png/cc0000/ffffff','2024-06-03 05:32:53','2024-06-03 05:32:53'),(74,100000.00,'Bay Leaf Ground',93,'http://dummyimage.com/1000x1000.png/5fa2dd/ffffff','2024-06-03 05:32:53','2024-06-03 05:32:53'),(75,100000.00,'Sprouts - Alfalfa',20,'http://dummyimage.com/1000x1000.png/ff4444/ffffff','2024-06-03 05:32:53','2024-06-03 05:32:53'),(76,80000.00,'Irish Cream - Butterscotch',11,'http://dummyimage.com/1000x1000.png/cc0000/ffffff','2024-06-03 05:32:53','2024-06-03 05:32:53'),(77,90000.00,'Sage - Ground',9,'http://dummyimage.com/1000x1000.png/ff4444/ffffff','2024-06-03 05:32:53','2024-06-03 05:32:53'),(78,40000.00,'Beef - Flank Steak',68,'http://dummyimage.com/1000x1000.png/cc0000/ffffff','2024-06-03 05:32:53','2024-06-03 05:32:53'),(79,100000.00,'Pasta - Elbows, Macaroni, Dry',6,'http://dummyimage.com/1000x1000.png/5fa2dd/ffffff','2024-06-03 05:32:53','2024-06-03 05:32:53'),(80,80000.00,'Longos - Chicken Caeser Salad',62,'http://dummyimage.com/1000x1000.png/5fa2dd/ffffff','2024-06-03 05:32:53','2024-06-03 05:32:53'),(81,30000.00,'Broccoli - Fresh',15,'http://dummyimage.com/1000x1000.png/dddddd/000000','2024-06-03 05:32:53','2024-06-03 05:32:53'),(82,80000.00,'Ecolab - Balanced Fusion',56,'http://dummyimage.com/1000x1000.png/5fa2dd/ffffff','2024-06-03 05:32:53','2024-06-03 05:32:53'),(83,50000.00,'Tea - Herbal - 6 Asst',13,'http://dummyimage.com/1000x1000.png/ff4444/ffffff','2024-06-03 05:32:53','2024-06-03 05:32:53'),(84,10000.00,'Beef - Tongue, Cooked',96,'http://dummyimage.com/1000x1000.png/ff4444/ffffff','2024-06-03 05:32:53','2024-06-03 05:32:53'),(85,70000.00,'Bread Cranberry Foccacia',74,'http://dummyimage.com/1000x1000.png/ff4444/ffffff','2024-06-03 05:32:53','2024-06-03 05:32:53'),(86,60000.00,'Cake - Mini Potato Pancake',44,'http://dummyimage.com/1000x1000.png/ff4444/ffffff','2024-06-03 05:32:53','2024-06-03 05:32:53'),(87,10000.00,'Cookie - Oatmeal',86,'http://dummyimage.com/1000x1000.png/cc0000/ffffff','2024-06-03 05:32:53','2024-06-03 05:32:53'),(88,50000.00,'Octopus',46,'http://dummyimage.com/1000x1000.png/dddddd/000000','2024-06-03 05:32:53','2024-06-03 05:32:53'),(89,80000.00,'Bread - Rosemary Focaccia',33,'http://dummyimage.com/1000x1000.png/5fa2dd/ffffff','2024-06-03 05:32:53','2024-06-03 05:32:53'),(90,40000.00,'Bouq All Italian - Primerba',21,'http://dummyimage.com/1000x1000.png/dddddd/000000','2024-06-03 05:32:53','2024-06-03 05:32:53'),(91,30000.00,'Almonds Ground Blanched',8,'http://dummyimage.com/1000x1000.png/5fa2dd/ffffff','2024-06-03 05:32:53','2024-06-03 05:32:53'),(92,60000.00,'Chocolate - Milk, Callets',86,'http://dummyimage.com/1000x1000.png/cc0000/ffffff','2024-06-03 05:32:53','2024-06-03 05:32:53'),(93,10000.00,'Nestea - Iced Tea',26,'http://dummyimage.com/1000x1000.png/5fa2dd/ffffff','2024-06-03 05:32:53','2024-06-03 05:32:53'),(94,100000.00,'Island Oasis - Magarita Mix',54,'http://dummyimage.com/1000x1000.png/5fa2dd/ffffff','2024-06-03 05:32:53','2024-06-03 05:32:53'),(95,60000.00,'Sobe - Green Tea',1,'http://dummyimage.com/1000x1000.png/5fa2dd/ffffff','2024-06-03 05:32:53','2024-06-03 05:32:53'),(96,90000.00,'Pails With Lids',92,'http://dummyimage.com/1000x1000.png/5fa2dd/ffffff','2024-06-03 05:32:53','2024-06-03 05:32:53'),(97,10000.00,'Squid - U 5',33,'http://dummyimage.com/1000x1000.png/5fa2dd/ffffff','2024-06-03 05:32:53','2024-06-03 05:32:53'),(98,50000.00,'Cabbage - Savoy',99,'http://dummyimage.com/1000x1000.png/dddddd/000000','2024-06-03 05:32:53','2024-06-03 05:32:53'),(99,10000.00,'Turkey Leg With Drum And Thigh',69,'http://dummyimage.com/1000x1000.png/ff4444/ffffff','2024-06-03 05:32:53','2024-06-03 05:32:53'),(100,40000.00,'Doilies - 5, Paper',70,'http://dummyimage.com/1000x1000.png/cc0000/ffffff','2024-06-03 05:32:53','2024-06-03 05:32:53'),(101,100000.00,'Wine - Red, Pelee Island Merlot',11,'http://dummyimage.com/1000x1000.png/dddddd/000000','2024-06-03 05:32:53','2024-06-03 05:32:53'),(102,100000.00,'Mushroom - Enoki, Fresh',30,'http://dummyimage.com/1000x1000.png/5fa2dd/ffffff','2024-06-03 05:32:53','2024-06-03 05:32:53'),(103,90000.00,'Cookie - Dough Variety',40,'http://dummyimage.com/1000x1000.png/5fa2dd/ffffff','2024-06-03 05:32:53','2024-06-03 05:32:53'),(104,50000.00,'Lamb Leg - Bone - In Nz',15,'http://dummyimage.com/1000x1000.png/ff4444/ffffff','2024-06-03 05:32:53','2024-06-03 05:32:53'),(105,90000.00,'Appetizer - Seafood Assortment',45,'http://dummyimage.com/1000x1000.png/cc0000/ffffff','2024-06-03 05:32:53','2024-06-03 05:32:53'),(106,100000.00,'Onions - Red',51,'http://dummyimage.com/1000x1000.png/dddddd/000000','2024-06-03 05:32:53','2024-06-03 05:32:53'),(107,70000.00,'Shrimp - 16/20, Iqf, Shell On',18,'http://dummyimage.com/1000x1000.png/dddddd/000000','2024-06-03 05:32:53','2024-06-03 05:32:53'),(108,20000.00,'Bay Leaf Fresh',99,'http://dummyimage.com/1000x1000.png/ff4444/ffffff','2024-06-03 05:32:53','2024-06-03 05:32:53'),(109,10000.00,'Pork - Shoulder',98,'http://dummyimage.com/1000x1000.png/5fa2dd/ffffff','2024-06-03 05:32:53','2024-06-03 05:32:53'),(110,70000.00,'Milk - Homo',24,'http://dummyimage.com/1000x1000.png/5fa2dd/ffffff','2024-06-03 05:32:53','2024-06-03 05:32:53'),(111,30000.00,'Sprouts - Bean',97,'http://dummyimage.com/1000x1000.png/5fa2dd/ffffff','2024-06-03 05:32:53','2024-06-03 05:32:53'),(112,30000.00,'Duck - Legs',91,'http://dummyimage.com/1000x1000.png/ff4444/ffffff','2024-06-03 05:32:53','2024-06-03 05:32:53'),(113,50000.00,'Pasta - Lasagna, Dry',50,'http://dummyimage.com/1000x1000.png/ff4444/ffffff','2024-06-03 05:32:53','2024-06-03 05:32:53'),(114,10000.00,'Kellogs Cereal In A Cup',45,'http://dummyimage.com/1000x1000.png/dddddd/000000','2024-06-03 05:32:53','2024-06-03 05:32:53'),(115,60000.00,'Soup - Campbells, Creamy',90,'http://dummyimage.com/1000x1000.png/dddddd/000000','2024-06-03 05:32:53','2024-06-03 05:32:53'),(116,100000.00,'Flower - Carnations',13,'http://dummyimage.com/1000x1000.png/ff4444/ffffff','2024-06-03 05:32:53','2024-06-03 05:32:53'),(117,40000.00,'Shrimp - Black Tiger 16/20',97,'http://dummyimage.com/1000x1000.png/dddddd/000000','2024-06-03 05:32:53','2024-06-03 05:32:53'),(118,70000.00,'Muffin Hinge 117n',81,'http://dummyimage.com/1000x1000.png/5fa2dd/ffffff','2024-06-03 05:32:53','2024-06-03 05:32:53'),(119,90000.00,'Eggplant - Asian',88,'http://dummyimage.com/1000x1000.png/cc0000/ffffff','2024-06-03 05:32:53','2024-06-03 05:32:53'),(120,50000.00,'Salmon Steak - Cohoe 8 Oz',73,'http://dummyimage.com/1000x1000.png/dddddd/000000','2024-06-03 05:32:53','2024-06-03 05:32:53'),(121,70000.00,'Wine - Lamancha Do Crianza',60,'http://dummyimage.com/1000x1000.png/5fa2dd/ffffff','2024-06-03 05:32:53','2024-06-03 05:32:53'),(122,50000.00,'Lentils - Green Le Puy',71,'http://dummyimage.com/1000x1000.png/cc0000/ffffff','2024-06-03 05:32:53','2024-06-03 05:32:53'),(123,60000.00,'Tobasco Sauce',31,'http://dummyimage.com/1000x1000.png/ff4444/ffffff','2024-06-03 05:32:53','2024-06-03 05:32:53'),(124,20000.00,'Sweet Pea Sprouts',5,'http://dummyimage.com/1000x1000.png/5fa2dd/ffffff','2024-06-03 05:32:53','2024-06-03 05:32:53'),(125,40000.00,'Cheese - Grie Des Champ',28,'http://dummyimage.com/1000x1000.png/ff4444/ffffff','2024-06-03 05:32:53','2024-06-03 05:32:53'),(126,40000.00,'Wine - Barolo Fontanafredda',31,'http://dummyimage.com/1000x1000.png/5fa2dd/ffffff','2024-06-03 05:32:53','2024-06-03 05:32:53'),(127,70000.00,'Bread - Pumpernickel',97,'http://dummyimage.com/1000x1000.png/5fa2dd/ffffff','2024-06-03 05:32:53','2024-06-03 05:32:53'),(128,30000.00,'Flounder - Fresh',85,'http://dummyimage.com/1000x1000.png/cc0000/ffffff','2024-06-03 05:32:53','2024-06-03 05:32:53'),(129,20000.00,'Chicken - Whole',42,'http://dummyimage.com/1000x1000.png/dddddd/000000','2024-06-03 05:32:53','2024-06-03 05:32:53'),(130,100000.00,'Beans - French',47,'http://dummyimage.com/1000x1000.png/ff4444/ffffff','2024-06-03 05:32:53','2024-06-03 05:32:53'),(131,50000.00,'Broom And Brush Rack Black',34,'http://dummyimage.com/1000x1000.png/cc0000/ffffff','2024-06-03 05:32:53','2024-06-03 05:32:53'),(132,30000.00,'Cleaner - Comet',36,'http://dummyimage.com/1000x1000.png/5fa2dd/ffffff','2024-06-03 05:32:53','2024-06-03 05:32:53'),(133,70000.00,'Rice Paper',99,'http://dummyimage.com/1000x1000.png/5fa2dd/ffffff','2024-06-03 05:32:53','2024-06-03 05:32:53'),(134,20000.00,'Chicken Breast Wing On',19,'http://dummyimage.com/1000x1000.png/ff4444/ffffff','2024-06-03 05:32:53','2024-06-03 05:32:53'),(135,50000.00,'Tart Shells - Sweet, 3',4,'http://dummyimage.com/1000x1000.png/ff4444/ffffff','2024-06-03 05:32:53','2024-06-03 05:32:53'),(136,40000.00,'Cleaner - Comet',19,'http://dummyimage.com/1000x1000.png/dddddd/000000','2024-06-03 05:32:53','2024-06-03 05:32:53'),(137,80000.00,'Appetizer - Seafood Assortment',50,'http://dummyimage.com/1000x1000.png/5fa2dd/ffffff','2024-06-03 05:32:53','2024-06-03 05:32:53'),(138,50000.00,'Wine - Peller Estates Late',63,'http://dummyimage.com/1000x1000.png/dddddd/000000','2024-06-03 05:32:53','2024-06-03 05:32:53'),(139,60000.00,'Coffee - Cafe Moreno',55,'http://dummyimage.com/1000x1000.png/5fa2dd/ffffff','2024-06-03 05:32:53','2024-06-03 05:32:53'),(140,30000.00,'Wine - Alsace Gewurztraminer',25,'http://dummyimage.com/1000x1000.png/ff4444/ffffff','2024-06-03 05:32:53','2024-06-03 05:32:53'),(141,80000.00,'Wine - Red Oakridge Merlot',49,'http://dummyimage.com/1000x1000.png/cc0000/ffffff','2024-06-03 05:32:53','2024-06-03 05:32:53'),(142,50000.00,'Meldea Green Tea Liquor',24,'http://dummyimage.com/1000x1000.png/dddddd/000000','2024-06-03 05:32:53','2024-06-03 05:32:53'),(143,40000.00,'Beef - Texas Style Burger',7,'http://dummyimage.com/1000x1000.png/5fa2dd/ffffff','2024-06-03 05:32:53','2024-06-03 05:32:53'),(144,60000.00,'Cookie - Oreo 100x2',54,'http://dummyimage.com/1000x1000.png/dddddd/000000','2024-06-03 05:32:53','2024-06-03 05:32:53'),(145,40000.00,'Bread - Pita',23,'http://dummyimage.com/1000x1000.png/cc0000/ffffff','2024-06-03 05:32:53','2024-06-03 05:32:53'),(146,30000.00,'Soup - Campbells, Creamy',28,'http://dummyimage.com/1000x1000.png/cc0000/ffffff','2024-06-03 05:32:53','2024-06-03 05:32:53'),(147,90000.00,'Ice Cream - Turtles Stick Bar',73,'http://dummyimage.com/1000x1000.png/5fa2dd/ffffff','2024-06-03 05:32:53','2024-06-03 05:32:53'),(148,90000.00,'Mortadella',10,'http://dummyimage.com/1000x1000.png/dddddd/000000','2024-06-03 05:32:53','2024-06-03 05:32:53'),(149,90000.00,'Spoon - Soup, Plastic',65,'http://dummyimage.com/1000x1000.png/cc0000/ffffff','2024-06-03 05:32:53','2024-06-03 05:32:53'),(150,40000.00,'Lentils - Green Le Puy',18,'http://dummyimage.com/1000x1000.png/dddddd/000000','2024-06-03 05:32:53','2024-06-03 05:32:53'),(151,70000.00,'Potatoes - Idaho 100 Count',92,'http://dummyimage.com/1000x1000.png/dddddd/000000','2024-06-03 05:32:53','2024-06-03 05:32:53'),(152,20000.00,'Cheese - Feta',69,'http://dummyimage.com/1000x1000.png/cc0000/ffffff','2024-06-03 05:32:53','2024-06-03 05:32:53'),(153,10000.00,'Lobster - Baby, Boiled',11,'http://dummyimage.com/1000x1000.png/cc0000/ffffff','2024-06-03 05:32:53','2024-06-03 05:32:53'),(154,40000.00,'Flour - All Purpose',54,'http://dummyimage.com/1000x1000.png/cc0000/ffffff','2024-06-03 05:32:53','2024-06-03 05:32:53'),(155,90000.00,'Mousse - Mango',64,'http://dummyimage.com/1000x1000.png/cc0000/ffffff','2024-06-03 05:32:53','2024-06-03 05:32:53'),(156,100000.00,'Rum - White, Gg White',96,'http://dummyimage.com/1000x1000.png/ff4444/ffffff','2024-06-03 05:32:53','2024-06-03 05:32:53'),(157,90000.00,'Oats Large Flake',27,'http://dummyimage.com/1000x1000.png/cc0000/ffffff','2024-06-03 05:32:53','2024-06-03 05:32:53'),(158,70000.00,'Cookies - Englishbay Chochip',80,'http://dummyimage.com/1000x1000.png/5fa2dd/ffffff','2024-06-03 05:32:53','2024-06-03 05:32:53'),(159,70000.00,'Veal - Shank, Pieces',13,'http://dummyimage.com/1000x1000.png/cc0000/ffffff','2024-06-03 05:32:53','2024-06-03 05:32:53'),(160,20000.00,'Bread - Crusty Italian Poly',62,'http://dummyimage.com/1000x1000.png/5fa2dd/ffffff','2024-06-03 05:32:53','2024-06-03 05:32:53'),(161,50000.00,'Bouillion - Fish',67,'http://dummyimage.com/1000x1000.png/ff4444/ffffff','2024-06-03 05:32:53','2024-06-03 05:32:53'),(162,60000.00,'Lamb - Whole, Frozen',68,'http://dummyimage.com/1000x1000.png/ff4444/ffffff','2024-06-03 05:32:53','2024-06-03 05:32:53'),(163,100000.00,'Rum - Light, Captain Morgan',68,'http://dummyimage.com/1000x1000.png/5fa2dd/ffffff','2024-06-03 05:32:53','2024-06-03 05:32:53'),(164,90000.00,'Fireball Whisky',98,'http://dummyimage.com/1000x1000.png/5fa2dd/ffffff','2024-06-03 05:32:53','2024-06-03 05:32:53'),(165,90000.00,'Dill Weed - Fresh',60,'http://dummyimage.com/1000x1000.png/ff4444/ffffff','2024-06-03 05:32:53','2024-06-03 05:32:53'),(166,60000.00,'Cup - 8oz Coffee Perforated',54,'http://dummyimage.com/1000x1000.png/dddddd/000000','2024-06-03 05:32:53','2024-06-03 05:32:53'),(167,70000.00,'Cheese - Gouda',58,'http://dummyimage.com/1000x1000.png/ff4444/ffffff','2024-06-03 05:32:53','2024-06-03 05:32:53'),(168,100000.00,'Tea - Herbal - 6 Asst',1,'http://dummyimage.com/1000x1000.png/5fa2dd/ffffff','2024-06-03 05:32:53','2024-06-03 05:32:53'),(169,30000.00,'Fruit Salad Deluxe',24,'http://dummyimage.com/1000x1000.png/dddddd/000000','2024-06-03 05:32:53','2024-06-03 05:32:53'),(170,70000.00,'Bread - Pullman, Sliced',47,'http://dummyimage.com/1000x1000.png/cc0000/ffffff','2024-06-03 05:32:53','2024-06-03 05:32:53'),(171,60000.00,'Dr. Pepper - 355ml',9,'http://dummyimage.com/1000x1000.png/cc0000/ffffff','2024-06-03 05:32:53','2024-06-03 05:32:53'),(172,100000.00,'Soup - Tomato Mush. Florentine',27,'http://dummyimage.com/1000x1000.png/dddddd/000000','2024-06-03 05:32:53','2024-06-03 05:32:53'),(173,90000.00,'Tumeric',61,'http://dummyimage.com/1000x1000.png/dddddd/000000','2024-06-03 05:32:53','2024-06-03 05:32:53'),(174,90000.00,'Jolt Cola - Electric Blue',13,'http://dummyimage.com/1000x1000.png/cc0000/ffffff','2024-06-03 05:32:53','2024-06-03 05:32:53'),(175,80000.00,'Lamb Leg - Bone - In Nz',23,'http://dummyimage.com/1000x1000.png/ff4444/ffffff','2024-06-03 05:32:53','2024-06-03 05:32:53'),(176,60000.00,'Foil Wrap',55,'http://dummyimage.com/1000x1000.png/dddddd/000000','2024-06-03 05:32:53','2024-06-03 05:32:53'),(177,80000.00,'Tomatoes Tear Drop Yellow',20,'http://dummyimage.com/1000x1000.png/dddddd/000000','2024-06-03 05:32:53','2024-06-03 05:32:53'),(178,20000.00,'The Pop Shoppe - Lime Rickey',63,'http://dummyimage.com/1000x1000.png/dddddd/000000','2024-06-03 05:32:53','2024-06-03 05:32:53'),(179,10000.00,'Wine - Rioja Campo Viejo',92,'http://dummyimage.com/1000x1000.png/ff4444/ffffff','2024-06-03 05:32:53','2024-06-03 05:32:53'),(180,50000.00,'Vinegar - Red Wine',94,'http://dummyimage.com/1000x1000.png/ff4444/ffffff','2024-06-03 05:32:53','2024-06-03 05:32:53'),(181,100000.00,'Chocolate - Sugar Free Semi Choc',25,'http://dummyimage.com/1000x1000.png/ff4444/ffffff','2024-06-03 05:32:53','2024-06-03 05:32:53'),(182,60000.00,'Lamb - Rack',36,'http://dummyimage.com/1000x1000.png/cc0000/ffffff','2024-06-03 05:32:53','2024-06-03 05:32:53'),(183,20000.00,'Jerusalem Artichoke',59,'http://dummyimage.com/1000x1000.png/dddddd/000000','2024-06-03 05:32:53','2024-06-03 05:32:53'),(184,20000.00,'Lamb - Sausage Casings',59,'http://dummyimage.com/1000x1000.png/5fa2dd/ffffff','2024-06-03 05:32:53','2024-06-03 05:32:53'),(185,70000.00,'Salmon - Smoked, Sliced',70,'http://dummyimage.com/1000x1000.png/ff4444/ffffff','2024-06-03 05:32:53','2024-06-03 05:32:53'),(186,60000.00,'Wood Chips - Regular',91,'http://dummyimage.com/1000x1000.png/dddddd/000000','2024-06-03 05:32:53','2024-06-03 05:32:53'),(187,20000.00,'Ice Cream Bar - Oreo Cone',46,'http://dummyimage.com/1000x1000.png/dddddd/000000','2024-06-03 05:32:53','2024-06-03 05:32:53'),(188,90000.00,'Pork - Bacon, Double Smoked',40,'http://dummyimage.com/1000x1000.png/cc0000/ffffff','2024-06-03 05:32:53','2024-06-03 05:32:53'),(189,100000.00,'Juice - Lagoon Mango',9,'http://dummyimage.com/1000x1000.png/5fa2dd/ffffff','2024-06-03 05:32:53','2024-06-03 05:32:53'),(190,90000.00,'Juice - V8 Splash',32,'http://dummyimage.com/1000x1000.png/ff4444/ffffff','2024-06-03 05:32:53','2024-06-03 05:32:53'),(191,30000.00,'Veal Inside - Provimi',25,'http://dummyimage.com/1000x1000.png/ff4444/ffffff','2024-06-03 05:32:53','2024-06-03 05:32:53'),(192,90000.00,'Tart Shells - Sweet, 2',23,'http://dummyimage.com/1000x1000.png/cc0000/ffffff','2024-06-03 05:32:53','2024-06-03 05:32:53'),(193,30000.00,'Bagelers - Cinn / Brown',25,'http://dummyimage.com/1000x1000.png/5fa2dd/ffffff','2024-06-03 05:32:53','2024-06-03 05:32:53'),(194,20000.00,'Drambuie',30,'http://dummyimage.com/1000x1000.png/cc0000/ffffff','2024-06-03 05:32:53','2024-06-03 05:32:53'),(195,10000.00,'Chocolate Bar - Oh Henry',49,'http://dummyimage.com/1000x1000.png/cc0000/ffffff','2024-06-03 05:32:53','2024-06-03 05:32:53'),(196,80000.00,'Container - Clear 16 Oz',1,'http://dummyimage.com/1000x1000.png/cc0000/ffffff','2024-06-03 05:32:53','2024-06-03 05:32:53'),(197,20000.00,'Cheese - Stilton',90,'http://dummyimage.com/1000x1000.png/ff4444/ffffff','2024-06-03 05:32:53','2024-06-03 05:32:53'),(198,30000.00,'Cake - Miini Cheesecake Cherry',41,'http://dummyimage.com/1000x1000.png/ff4444/ffffff','2024-06-03 05:32:53','2024-06-03 05:32:53'),(199,90000.00,'Tea - Herbal Orange Spice',73,'http://dummyimage.com/1000x1000.png/dddddd/000000','2024-06-03 05:32:53','2024-06-03 05:32:53'),(200,90000.00,'Sesame Seed Black',27,'http://dummyimage.com/1000x1000.png/dddddd/000000','2024-06-03 05:32:53','2024-06-03 05:32:53'),(201,100000.00,'Fish - Atlantic Salmon, Cold',58,'http://dummyimage.com/1000x1000.png/5fa2dd/ffffff','2024-06-03 05:32:53','2024-06-03 05:32:53'),(202,50000.00,'Pepper - Green Thai',100,'http://dummyimage.com/1000x1000.png/dddddd/000000','2024-06-03 05:32:53','2024-06-03 05:32:53'),(203,30000.00,'Cream - 18%',16,'http://dummyimage.com/1000x1000.png/dddddd/000000','2024-06-03 05:32:53','2024-06-03 05:32:53'),(204,80000.00,'Truffle - Whole Black Peeled',67,'http://dummyimage.com/1000x1000.png/dddddd/000000','2024-06-03 05:32:53','2024-06-03 05:32:53'),(205,10000.00,'Cake - Box Window 10x10x2.5',20,'http://dummyimage.com/1000x1000.png/cc0000/ffffff','2024-06-03 05:32:53','2024-06-03 05:32:53'),(206,30000.00,'Garbag Bags - Black',47,'http://dummyimage.com/1000x1000.png/dddddd/000000','2024-06-03 05:32:53','2024-06-03 05:32:53'),(207,60000.00,'Napkin White - Starched',68,'http://dummyimage.com/1000x1000.png/cc0000/ffffff','2024-06-03 05:32:53','2024-06-03 05:32:53'),(208,30000.00,'Steampan - Foil',89,'http://dummyimage.com/1000x1000.png/dddddd/000000','2024-06-03 05:32:53','2024-06-03 05:32:53'),(209,60000.00,'Crab Brie In Phyllo',98,'http://dummyimage.com/1000x1000.png/dddddd/000000','2024-06-03 05:32:53','2024-06-03 05:32:53'),(210,90000.00,'Pork - Sausage, Medium',72,'http://dummyimage.com/1000x1000.png/dddddd/000000','2024-06-03 05:32:53','2024-06-03 05:32:53'),(211,80000.00,'Cloves - Ground',90,'http://dummyimage.com/1000x1000.png/ff4444/ffffff','2024-06-03 05:32:53','2024-06-03 05:32:53'),(212,10000.00,'Sage - Fresh',39,'http://dummyimage.com/1000x1000.png/dddddd/000000','2024-06-03 05:32:53','2024-06-03 05:32:53'),(213,90000.00,'Cherries - Maraschino,jar',93,'http://dummyimage.com/1000x1000.png/ff4444/ffffff','2024-06-03 05:32:53','2024-06-03 05:32:53'),(214,80000.00,'Bread - Roll, Whole Wheat',5,'http://dummyimage.com/1000x1000.png/5fa2dd/ffffff','2024-06-03 05:32:53','2024-06-03 05:32:53'),(215,90000.00,'Grapefruit - White',41,'http://dummyimage.com/1000x1000.png/cc0000/ffffff','2024-06-03 05:32:53','2024-06-03 05:32:53'),(216,30000.00,'Eel Fresh',82,'http://dummyimage.com/1000x1000.png/cc0000/ffffff','2024-06-03 05:32:53','2024-06-03 05:32:53'),(217,80000.00,'Carroway Seed',55,'http://dummyimage.com/1000x1000.png/ff4444/ffffff','2024-06-03 05:32:53','2024-06-03 05:32:53'),(218,100000.00,'Ginger - Ground',42,'http://dummyimage.com/1000x1000.png/dddddd/000000','2024-06-03 05:32:53','2024-06-03 05:32:53'),(219,30000.00,'Coke - Classic, 355 Ml',37,'http://dummyimage.com/1000x1000.png/cc0000/ffffff','2024-06-03 05:32:53','2024-06-03 05:32:53'),(220,90000.00,'Sauerkraut',39,'http://dummyimage.com/1000x1000.png/cc0000/ffffff','2024-06-03 05:32:53','2024-06-03 05:32:53'),(221,80000.00,'Chicken - White Meat With Tender',35,'http://dummyimage.com/1000x1000.png/cc0000/ffffff','2024-06-03 05:32:53','2024-06-03 05:32:53'),(222,40000.00,'Tart Shells - Sweet, 3',33,'http://dummyimage.com/1000x1000.png/dddddd/000000','2024-06-03 05:32:53','2024-06-03 05:32:53'),(223,50000.00,'Salami - Genova',57,'http://dummyimage.com/1000x1000.png/cc0000/ffffff','2024-06-03 05:32:53','2024-06-03 05:32:53'),(224,30000.00,'Wine - Cahors Ac 2000, Clos',65,'http://dummyimage.com/1000x1000.png/ff4444/ffffff','2024-06-03 05:32:53','2024-06-03 05:32:53'),(225,40000.00,'Pork - Back, Short Cut, Boneless',69,'http://dummyimage.com/1000x1000.png/dddddd/000000','2024-06-03 05:32:53','2024-06-03 05:32:53'),(226,50000.00,'Glycerine',5,'http://dummyimage.com/1000x1000.png/5fa2dd/ffffff','2024-06-03 05:32:53','2024-06-03 05:32:53'),(227,60000.00,'Pork - Ham, Virginia',23,'http://dummyimage.com/1000x1000.png/5fa2dd/ffffff','2024-06-03 05:32:53','2024-06-03 05:32:53'),(228,10000.00,'Goulash Seasoning',92,'http://dummyimage.com/1000x1000.png/dddddd/000000','2024-06-03 05:32:53','2024-06-03 05:32:53'),(229,20000.00,'Bagelers - Cinn / Brown',82,'http://dummyimage.com/1000x1000.png/ff4444/ffffff','2024-06-03 05:32:53','2024-06-03 05:32:53'),(230,70000.00,'Curry Powder Madras',52,'http://dummyimage.com/1000x1000.png/ff4444/ffffff','2024-06-03 05:32:53','2024-06-03 05:32:53'),(231,10000.00,'Glove - Cutting',11,'http://dummyimage.com/1000x1000.png/ff4444/ffffff','2024-06-03 05:32:53','2024-06-03 05:32:53'),(232,20000.00,'Tart Shells - Sweet, 2',4,'http://dummyimage.com/1000x1000.png/ff4444/ffffff','2024-06-03 05:32:53','2024-06-03 05:32:53'),(233,10000.00,'Southern Comfort',34,'http://dummyimage.com/1000x1000.png/dddddd/000000','2024-06-03 05:32:53','2024-06-03 05:32:53'),(234,10000.00,'Stock - Beef, Brown',98,'http://dummyimage.com/1000x1000.png/dddddd/000000','2024-06-03 05:32:53','2024-06-03 05:32:53'),(235,50000.00,'Chocolate - Dark Callets',21,'http://dummyimage.com/1000x1000.png/cc0000/ffffff','2024-06-03 05:32:53','2024-06-03 05:32:53'),(236,20000.00,'Nut - Cashews, Whole, Raw',37,'http://dummyimage.com/1000x1000.png/cc0000/ffffff','2024-06-03 05:32:53','2024-06-03 05:32:53'),(237,90000.00,'Kellogs Cereal In A Cup',98,'http://dummyimage.com/1000x1000.png/dddddd/000000','2024-06-03 05:32:53','2024-06-03 05:32:53'),(238,40000.00,'Wine - Savigny - Les - Beaune',12,'http://dummyimage.com/1000x1000.png/dddddd/000000','2024-06-03 05:32:53','2024-06-03 05:32:53'),(239,70000.00,'Bowl 12 Oz - Showcase 92012',72,'http://dummyimage.com/1000x1000.png/cc0000/ffffff','2024-06-03 05:32:53','2024-06-03 05:32:53'),(240,60000.00,'Cumin - Ground',7,'http://dummyimage.com/1000x1000.png/ff4444/ffffff','2024-06-03 05:32:53','2024-06-03 05:32:53'),(241,30000.00,'Appetizer - Seafood Assortment',29,'http://dummyimage.com/1000x1000.png/5fa2dd/ffffff','2024-06-03 05:32:53','2024-06-03 05:32:53'),(242,10000.00,'Ham - Cooked Italian',67,'http://dummyimage.com/1000x1000.png/ff4444/ffffff','2024-06-03 05:32:53','2024-06-03 05:32:53'),(243,80000.00,'Steampan Lid',41,'http://dummyimage.com/1000x1000.png/5fa2dd/ffffff','2024-06-03 05:32:53','2024-06-03 05:32:53'),(244,50000.00,'Emulsifier',24,'http://dummyimage.com/1000x1000.png/cc0000/ffffff','2024-06-03 05:32:53','2024-06-03 05:32:53'),(245,30000.00,'Beans - Green',33,'http://dummyimage.com/1000x1000.png/5fa2dd/ffffff','2024-06-03 05:32:53','2024-06-03 05:32:53'),(246,50000.00,'Vermacelli - Sprinkles, Assorted',83,'http://dummyimage.com/1000x1000.png/ff4444/ffffff','2024-06-03 05:32:53','2024-06-03 05:32:53'),(247,60000.00,'Seabream Whole Farmed',32,'http://dummyimage.com/1000x1000.png/5fa2dd/ffffff','2024-06-03 05:32:53','2024-06-03 05:32:53'),(248,20000.00,'Brandy Cherry - Mcguinness',43,'http://dummyimage.com/1000x1000.png/dddddd/000000','2024-06-03 05:32:53','2024-06-03 05:32:53'),(249,60000.00,'Danishes - Mini Raspberry',100,'http://dummyimage.com/1000x1000.png/cc0000/ffffff','2024-06-03 05:32:53','2024-06-03 05:32:53'),(250,80000.00,'Sauce - Rosee',7,'http://dummyimage.com/1000x1000.png/cc0000/ffffff','2024-06-03 05:32:53','2024-06-03 05:32:53'),(251,60000.00,'Wine - Pinot Noir Stoneleigh',19,'http://dummyimage.com/1000x1000.png/cc0000/ffffff','2024-06-03 05:32:53','2024-06-03 05:32:53'),(252,10000.00,'Tandoori Curry Paste',9,'http://dummyimage.com/1000x1000.png/5fa2dd/ffffff','2024-06-03 05:32:53','2024-06-03 05:32:53'),(253,30000.00,'Milk Powder',63,'http://dummyimage.com/1000x1000.png/dddddd/000000','2024-06-03 05:32:53','2024-06-03 05:32:53'),(254,10000.00,'Milk - Homo',62,'http://dummyimage.com/1000x1000.png/ff4444/ffffff','2024-06-03 05:32:53','2024-06-03 05:32:53'),(255,70000.00,'Tendrils - Baby Pea, Organic',52,'http://dummyimage.com/1000x1000.png/ff4444/ffffff','2024-06-03 05:32:53','2024-06-03 05:32:53'),(256,60000.00,'Dc - Frozen Momji',47,'http://dummyimage.com/1000x1000.png/ff4444/ffffff','2024-06-03 05:32:53','2024-06-03 05:32:53'),(257,30000.00,'Sherbet - Raspberry',26,'http://dummyimage.com/1000x1000.png/cc0000/ffffff','2024-06-03 05:32:53','2024-06-03 05:32:53'),(258,60000.00,'Limes',41,'http://dummyimage.com/1000x1000.png/5fa2dd/ffffff','2024-06-03 05:32:53','2024-06-03 05:32:53'),(259,30000.00,'Syrup - Golden, Lyles',69,'http://dummyimage.com/1000x1000.png/cc0000/ffffff','2024-06-03 05:32:53','2024-06-03 05:32:53'),(260,60000.00,'Bread Crumbs - Japanese Style',61,'http://dummyimage.com/1000x1000.png/cc0000/ffffff','2024-06-03 05:32:53','2024-06-03 05:32:53'),(261,60000.00,'Lobster - Base',16,'http://dummyimage.com/1000x1000.png/dddddd/000000','2024-06-03 05:32:53','2024-06-03 05:32:53'),(262,10000.00,'Beef - Inside Round',20,'http://dummyimage.com/1000x1000.png/5fa2dd/ffffff','2024-06-03 05:32:53','2024-06-03 05:32:53'),(263,50000.00,'Sherry - Dry',41,'http://dummyimage.com/1000x1000.png/5fa2dd/ffffff','2024-06-03 05:32:53','2024-06-03 05:32:53'),(264,20000.00,'Cheese - Pont Couvert',27,'http://dummyimage.com/1000x1000.png/ff4444/ffffff','2024-06-03 05:32:53','2024-06-03 05:32:53'),(265,20000.00,'V8 - Berry Blend',60,'http://dummyimage.com/1000x1000.png/cc0000/ffffff','2024-06-03 05:32:53','2024-06-03 05:32:53'),(266,90000.00,'Truffle Cups - Brown',71,'http://dummyimage.com/1000x1000.png/5fa2dd/ffffff','2024-06-03 05:32:53','2024-06-03 05:32:53'),(267,100000.00,'Jam - Apricot',10,'http://dummyimage.com/1000x1000.png/5fa2dd/ffffff','2024-06-03 05:32:53','2024-06-03 05:32:53'),(268,30000.00,'Cheese - Cottage Cheese',12,'http://dummyimage.com/1000x1000.png/dddddd/000000','2024-06-03 05:32:53','2024-06-03 05:32:53'),(269,30000.00,'Coffee - Decafenated',76,'http://dummyimage.com/1000x1000.png/dddddd/000000','2024-06-03 05:32:53','2024-06-03 05:32:53'),(270,20000.00,'Praline Paste',8,'http://dummyimage.com/1000x1000.png/5fa2dd/ffffff','2024-06-03 05:32:53','2024-06-03 05:32:53'),(271,80000.00,'Yogurt - Cherry, 175 Gr',10,'http://dummyimage.com/1000x1000.png/ff4444/ffffff','2024-06-03 05:32:53','2024-06-03 05:32:53'),(272,50000.00,'Cookie - Dough Variety',5,'http://dummyimage.com/1000x1000.png/dddddd/000000','2024-06-03 05:32:53','2024-06-03 05:32:53'),(273,40000.00,'Bread - Bistro Sour',1,'http://dummyimage.com/1000x1000.png/ff4444/ffffff','2024-06-03 05:32:53','2024-06-03 05:32:53'),(274,100000.00,'Coriander - Seed',58,'http://dummyimage.com/1000x1000.png/ff4444/ffffff','2024-06-03 05:32:53','2024-06-03 05:32:53'),(275,70000.00,'Appetizer - Asian Shrimp Roll',39,'http://dummyimage.com/1000x1000.png/cc0000/ffffff','2024-06-03 05:32:53','2024-06-03 05:32:53'),(276,100000.00,'Flour - Bran, Red',3,'http://dummyimage.com/1000x1000.png/ff4444/ffffff','2024-06-03 05:32:53','2024-06-03 05:32:53'),(277,40000.00,'Foam Cup 6 Oz',1,'http://dummyimage.com/1000x1000.png/5fa2dd/ffffff','2024-06-03 05:32:53','2024-06-03 05:32:53'),(278,70000.00,'Wine - Red, Marechal Foch',75,'http://dummyimage.com/1000x1000.png/5fa2dd/ffffff','2024-06-03 05:32:53','2024-06-03 05:32:53'),(279,30000.00,'Fish - Bones',31,'http://dummyimage.com/1000x1000.png/ff4444/ffffff','2024-06-03 05:32:53','2024-06-03 05:32:53'),(280,60000.00,'Coke - Diet, 355 Ml',62,'http://dummyimage.com/1000x1000.png/cc0000/ffffff','2024-06-03 05:32:53','2024-06-03 05:32:53'),(281,60000.00,'Coffee - Flavoured',79,'http://dummyimage.com/1000x1000.png/5fa2dd/ffffff','2024-06-03 05:32:53','2024-06-03 05:32:53'),(282,10000.00,'Rum - Coconut, Malibu',83,'http://dummyimage.com/1000x1000.png/ff4444/ffffff','2024-06-03 05:32:53','2024-06-03 05:32:53'),(283,50000.00,'Muffin - Zero Transfat',34,'http://dummyimage.com/1000x1000.png/ff4444/ffffff','2024-06-03 05:32:53','2024-06-03 05:32:53'),(284,50000.00,'Pork - Hock And Feet Attached',88,'http://dummyimage.com/1000x1000.png/5fa2dd/ffffff','2024-06-03 05:32:53','2024-06-03 05:32:53'),(285,30000.00,'Orange Roughy 6/8 Oz',52,'http://dummyimage.com/1000x1000.png/cc0000/ffffff','2024-06-03 05:32:53','2024-06-03 05:32:53'),(286,80000.00,'Foil Wrap',35,'http://dummyimage.com/1000x1000.png/dddddd/000000','2024-06-03 05:32:53','2024-06-03 05:32:53'),(287,60000.00,'Cake - Cheese Cake 9 Inch',9,'http://dummyimage.com/1000x1000.png/dddddd/000000','2024-06-03 05:32:53','2024-06-03 05:32:53'),(288,100000.00,'Carrots - Purple, Organic',17,'http://dummyimage.com/1000x1000.png/5fa2dd/ffffff','2024-06-03 05:32:53','2024-06-03 05:32:53'),(289,60000.00,'Kiwi Gold Zespri',16,'http://dummyimage.com/1000x1000.png/ff4444/ffffff','2024-06-03 05:32:53','2024-06-03 05:32:53'),(290,50000.00,'Chicken Giblets',65,'http://dummyimage.com/1000x1000.png/dddddd/000000','2024-06-03 05:32:53','2024-06-03 05:32:53'),(291,80000.00,'Butter - Pod',42,'http://dummyimage.com/1000x1000.png/ff4444/ffffff','2024-06-03 05:32:53','2024-06-03 05:32:53'),(292,70000.00,'Vinegar - Sherry',99,'http://dummyimage.com/1000x1000.png/ff4444/ffffff','2024-06-03 05:32:53','2024-06-03 05:32:53'),(293,100000.00,'Raisin - Golden',28,'http://dummyimage.com/1000x1000.png/cc0000/ffffff','2024-06-03 05:32:53','2024-06-03 05:32:53'),(294,40000.00,'Pork - Belly Fresh',31,'http://dummyimage.com/1000x1000.png/dddddd/000000','2024-06-03 05:32:53','2024-06-03 05:32:53'),(295,40000.00,'Wine - Red, Pinot Noir, Chateau',81,'http://dummyimage.com/1000x1000.png/5fa2dd/ffffff','2024-06-03 05:32:53','2024-06-03 05:32:53'),(296,90000.00,'Apricots Fresh',80,'http://dummyimage.com/1000x1000.png/5fa2dd/ffffff','2024-06-03 05:32:53','2024-06-03 05:32:53'),(297,10000.00,'Beef - Tongue, Cooked',47,'http://dummyimage.com/1000x1000.png/cc0000/ffffff','2024-06-03 05:32:53','2024-06-03 05:32:53'),(298,40000.00,'Table Cloth 53x53 White',17,'http://dummyimage.com/1000x1000.png/ff4444/ffffff','2024-06-03 05:32:53','2024-06-03 05:32:53'),(299,80000.00,'Burger Veggie',29,'http://dummyimage.com/1000x1000.png/dddddd/000000','2024-06-03 05:32:53','2024-06-03 05:32:53'),(300,30000.00,'Appetizer - Mushroom Tart',31,'http://dummyimage.com/1000x1000.png/5fa2dd/ffffff','2024-06-03 05:32:53','2024-06-03 05:32:53'),(301,90000.00,'Capicola - Hot',71,'http://dummyimage.com/1000x1000.png/ff4444/ffffff','2024-06-03 05:32:53','2024-06-03 05:32:53'),(302,40000.00,'Wine - Kwv Chenin Blanc South',97,'http://dummyimage.com/1000x1000.png/ff4444/ffffff','2024-06-03 05:32:53','2024-06-03 05:32:53'),(303,30000.00,'Muffin Batt - Choc Chk',72,'http://dummyimage.com/1000x1000.png/5fa2dd/ffffff','2024-06-03 05:32:53','2024-06-03 05:32:53'),(304,70000.00,'Beef - Cow Feet Split',10,'http://dummyimage.com/1000x1000.png/cc0000/ffffff','2024-06-03 05:32:53','2024-06-03 05:32:53'),(305,10000.00,'Muffin Hinge Container 6',86,'http://dummyimage.com/1000x1000.png/ff4444/ffffff','2024-06-03 05:32:53','2024-06-03 05:32:53'),(306,70000.00,'Table Cloth 54x72 Colour',23,'http://dummyimage.com/1000x1000.png/dddddd/000000','2024-06-03 05:32:53','2024-06-03 05:32:53'),(307,30000.00,'Table Cloth 54x72 White',66,'http://dummyimage.com/1000x1000.png/dddddd/000000','2024-06-03 05:32:53','2024-06-03 05:32:53'),(308,10000.00,'Chocolate - Semi Sweet',43,'http://dummyimage.com/1000x1000.png/cc0000/ffffff','2024-06-03 05:32:53','2024-06-03 05:32:53'),(309,60000.00,'Bagel - 12 Grain Preslice',65,'http://dummyimage.com/1000x1000.png/5fa2dd/ffffff','2024-06-03 05:32:53','2024-06-03 05:32:53'),(310,60000.00,'Pepper - Red Thai',80,'http://dummyimage.com/1000x1000.png/cc0000/ffffff','2024-06-03 05:32:53','2024-06-03 05:32:53'),(311,90000.00,'Cinnamon - Stick',24,'http://dummyimage.com/1000x1000.png/dddddd/000000','2024-06-03 05:32:53','2024-06-03 05:32:53'),(312,10000.00,'Chicken - Thigh, Bone In',49,'http://dummyimage.com/1000x1000.png/ff4444/ffffff','2024-06-03 05:32:53','2024-06-03 05:32:53'),(313,20000.00,'Tumeric',24,'http://dummyimage.com/1000x1000.png/ff4444/ffffff','2024-06-03 05:32:53','2024-06-03 05:32:53'),(314,100000.00,'Capon - Breast, Wing On',11,'http://dummyimage.com/1000x1000.png/5fa2dd/ffffff','2024-06-03 05:32:53','2024-06-03 05:32:53'),(315,60000.00,'Oil - Shortening,liqud, Fry',79,'http://dummyimage.com/1000x1000.png/ff4444/ffffff','2024-06-03 05:32:53','2024-06-03 05:32:53'),(316,100000.00,'Rice - Jasmine Sented',79,'http://dummyimage.com/1000x1000.png/5fa2dd/ffffff','2024-06-03 05:32:53','2024-06-03 05:32:53'),(317,80000.00,'Flour - Rye',75,'http://dummyimage.com/1000x1000.png/cc0000/ffffff','2024-06-03 05:32:53','2024-06-03 05:32:53'),(318,50000.00,'Truffle Cups Green',92,'http://dummyimage.com/1000x1000.png/ff4444/ffffff','2024-06-03 05:32:53','2024-06-03 05:32:53'),(319,90000.00,'Clam - Cherrystone',45,'http://dummyimage.com/1000x1000.png/cc0000/ffffff','2024-06-03 05:32:53','2024-06-03 05:32:53'),(320,100000.00,'Apple - Delicious, Red',28,'http://dummyimage.com/1000x1000.png/dddddd/000000','2024-06-03 05:32:53','2024-06-03 05:32:53'),(321,10000.00,'Clam - Cherrystone',33,'http://dummyimage.com/1000x1000.png/5fa2dd/ffffff','2024-06-03 05:32:53','2024-06-03 05:32:53'),(322,80000.00,'Rootbeer',55,'http://dummyimage.com/1000x1000.png/5fa2dd/ffffff','2024-06-03 05:32:53','2024-06-03 05:32:53'),(323,30000.00,'Coffee - French Vanilla Frothy',69,'http://dummyimage.com/1000x1000.png/dddddd/000000','2024-06-03 05:32:53','2024-06-03 05:32:53'),(324,50000.00,'Juice - Orangina',25,'http://dummyimage.com/1000x1000.png/dddddd/000000','2024-06-03 05:32:53','2024-06-03 05:32:53'),(325,60000.00,'Mustard - Seed',49,'http://dummyimage.com/1000x1000.png/dddddd/000000','2024-06-03 05:32:53','2024-06-03 05:32:53'),(326,90000.00,'Bread Crumbs - Panko',18,'http://dummyimage.com/1000x1000.png/cc0000/ffffff','2024-06-03 05:32:53','2024-06-03 05:32:53'),(327,50000.00,'Lamb Shoulder Boneless Nz',86,'http://dummyimage.com/1000x1000.png/dddddd/000000','2024-06-03 05:32:53','2024-06-03 05:32:53'),(328,10000.00,'Bread Sour Rolls',6,'http://dummyimage.com/1000x1000.png/ff4444/ffffff','2024-06-03 05:32:53','2024-06-03 05:32:53'),(329,70000.00,'Daikon Radish',37,'http://dummyimage.com/1000x1000.png/5fa2dd/ffffff','2024-06-03 05:32:53','2024-06-03 05:32:53'),(330,50000.00,'Chicken - Thigh, Bone In',12,'http://dummyimage.com/1000x1000.png/5fa2dd/ffffff','2024-06-03 05:32:53','2024-06-03 05:32:53'),(331,50000.00,'Flavouring - Orange',4,'http://dummyimage.com/1000x1000.png/dddddd/000000','2024-06-03 05:32:53','2024-06-03 05:32:53'),(332,10000.00,'Shrimp - 16/20, Iqf, Shell On',71,'http://dummyimage.com/1000x1000.png/5fa2dd/ffffff','2024-06-03 05:32:53','2024-06-03 05:32:53'),(333,40000.00,'Potatoes - Mini White 3 Oz',42,'http://dummyimage.com/1000x1000.png/5fa2dd/ffffff','2024-06-03 05:32:53','2024-06-03 05:32:53'),(334,50000.00,'Beef Wellington',8,'http://dummyimage.com/1000x1000.png/cc0000/ffffff','2024-06-03 05:32:53','2024-06-03 05:32:53'),(335,80000.00,'Coffee Decaf Colombian',34,'http://dummyimage.com/1000x1000.png/dddddd/000000','2024-06-03 05:32:53','2024-06-03 05:32:53'),(336,30000.00,'Mangoes',11,'http://dummyimage.com/1000x1000.png/cc0000/ffffff','2024-06-03 05:32:53','2024-06-03 05:32:53'),(337,10000.00,'Bread - Frozen Basket Variety',50,'http://dummyimage.com/1000x1000.png/cc0000/ffffff','2024-06-03 05:32:53','2024-06-03 05:32:53'),(338,90000.00,'Wine - Magnotta - Red, Baco',10,'http://dummyimage.com/1000x1000.png/5fa2dd/ffffff','2024-06-03 05:32:53','2024-06-03 05:32:53'),(339,30000.00,'Beef - Top Sirloin - Aaa',39,'http://dummyimage.com/1000x1000.png/5fa2dd/ffffff','2024-06-03 05:32:53','2024-06-03 05:32:53'),(340,80000.00,'Lettuce - California Mix',98,'http://dummyimage.com/1000x1000.png/cc0000/ffffff','2024-06-03 05:32:53','2024-06-03 05:32:53'),(341,80000.00,'Wine - German Riesling',26,'http://dummyimage.com/1000x1000.png/ff4444/ffffff','2024-06-03 05:32:53','2024-06-03 05:32:53'),(342,40000.00,'Muffin - Banana Nut Individual',31,'http://dummyimage.com/1000x1000.png/dddddd/000000','2024-06-03 05:32:53','2024-06-03 05:32:53'),(343,80000.00,'Tart - Lemon',4,'http://dummyimage.com/1000x1000.png/5fa2dd/ffffff','2024-06-03 05:32:53','2024-06-03 05:32:53'),(344,100000.00,'Taro Leaves',38,'http://dummyimage.com/1000x1000.png/ff4444/ffffff','2024-06-03 05:32:53','2024-06-03 05:32:53'),(345,50000.00,'Lettuce - Romaine, Heart',23,'http://dummyimage.com/1000x1000.png/dddddd/000000','2024-06-03 05:32:53','2024-06-03 05:32:53'),(346,30000.00,'Carbonated Water - Wildberry',24,'http://dummyimage.com/1000x1000.png/cc0000/ffffff','2024-06-03 05:32:53','2024-06-03 05:32:53'),(347,30000.00,'Juice - Happy Planet',58,'http://dummyimage.com/1000x1000.png/dddddd/000000','2024-06-03 05:32:53','2024-06-03 05:32:53'),(348,80000.00,'Wine - Red, Cabernet Sauvignon',88,'http://dummyimage.com/1000x1000.png/ff4444/ffffff','2024-06-03 05:32:53','2024-06-03 05:32:53'),(349,40000.00,'Sauce - Soya, Dark',37,'http://dummyimage.com/1000x1000.png/ff4444/ffffff','2024-06-03 05:32:53','2024-06-03 05:32:53'),(350,100000.00,'Steam Pan - Half Size Deep',24,'http://dummyimage.com/1000x1000.png/dddddd/000000','2024-06-03 05:32:53','2024-06-03 05:32:53'),(351,40000.00,'Tea - Decaf 1 Cup',69,'http://dummyimage.com/1000x1000.png/5fa2dd/ffffff','2024-06-03 05:32:53','2024-06-03 05:32:53'),(352,30000.00,'Relish',71,'http://dummyimage.com/1000x1000.png/cc0000/ffffff','2024-06-03 05:32:53','2024-06-03 05:32:53'),(353,40000.00,'Bread Foccacia Whole',25,'http://dummyimage.com/1000x1000.png/cc0000/ffffff','2024-06-03 05:32:53','2024-06-03 05:32:53'),(354,30000.00,'Beets - Golden',57,'http://dummyimage.com/1000x1000.png/cc0000/ffffff','2024-06-03 05:32:53','2024-06-03 05:32:53'),(355,40000.00,'Soup - Canadian Pea, Dry Mix',92,'http://dummyimage.com/1000x1000.png/5fa2dd/ffffff','2024-06-03 05:32:53','2024-06-03 05:32:53'),(356,60000.00,'Muffin Hinge Container 6',85,'http://dummyimage.com/1000x1000.png/5fa2dd/ffffff','2024-06-03 05:32:53','2024-06-03 05:32:53'),(357,80000.00,'Pear - Prickly',78,'http://dummyimage.com/1000x1000.png/cc0000/ffffff','2024-06-03 05:32:53','2024-06-03 05:32:53'),(358,90000.00,'Beets - Candy Cane, Organic',39,'http://dummyimage.com/1000x1000.png/ff4444/ffffff','2024-06-03 05:32:53','2024-06-03 05:32:53'),(359,60000.00,'Pork - Loin, Bone - In',60,'http://dummyimage.com/1000x1000.png/cc0000/ffffff','2024-06-03 05:32:53','2024-06-03 05:32:53'),(360,10000.00,'Basil - Pesto Sauce',57,'http://dummyimage.com/1000x1000.png/ff4444/ffffff','2024-06-03 05:32:53','2024-06-03 05:32:53'),(361,30000.00,'Cookie Dough - Double',28,'http://dummyimage.com/1000x1000.png/cc0000/ffffff','2024-06-03 05:32:53','2024-06-03 05:32:53'),(362,20000.00,'Shiro Miso',21,'http://dummyimage.com/1000x1000.png/dddddd/000000','2024-06-03 05:32:53','2024-06-03 05:32:53'),(363,40000.00,'Soup Campbells',68,'http://dummyimage.com/1000x1000.png/5fa2dd/ffffff','2024-06-03 05:32:53','2024-06-03 05:32:53'),(364,20000.00,'Celery',84,'http://dummyimage.com/1000x1000.png/ff4444/ffffff','2024-06-03 05:32:53','2024-06-03 05:32:53'),(365,70000.00,'Chicken - Ground',17,'http://dummyimage.com/1000x1000.png/dddddd/000000','2024-06-03 05:32:53','2024-06-03 05:32:53'),(366,90000.00,'Pie Filling - Cherry',3,'http://dummyimage.com/1000x1000.png/5fa2dd/ffffff','2024-06-03 05:32:53','2024-06-03 05:32:53'),(367,50000.00,'Fish - Atlantic Salmon, Cold',89,'http://dummyimage.com/1000x1000.png/5fa2dd/ffffff','2024-06-03 05:32:53','2024-06-03 05:32:53'),(368,10000.00,'Trout - Rainbow, Frozen',8,'http://dummyimage.com/1000x1000.png/dddddd/000000','2024-06-03 05:32:53','2024-06-03 05:32:53'),(369,90000.00,'Squeeze Bottle',88,'http://dummyimage.com/1000x1000.png/dddddd/000000','2024-06-03 05:32:53','2024-06-03 05:32:53'),(370,40000.00,'Steampan - Foil',24,'http://dummyimage.com/1000x1000.png/ff4444/ffffff','2024-06-03 05:32:53','2024-06-03 05:32:53'),(371,80000.00,'Whmis Spray Bottle Graduated',43,'http://dummyimage.com/1000x1000.png/ff4444/ffffff','2024-06-03 05:32:53','2024-06-03 05:32:53'),(372,60000.00,'Sugar - White Packet',7,'http://dummyimage.com/1000x1000.png/dddddd/000000','2024-06-03 05:32:53','2024-06-03 05:32:53'),(373,90000.00,'Bread - Wheat Baguette',62,'http://dummyimage.com/1000x1000.png/ff4444/ffffff','2024-06-03 05:32:53','2024-06-03 05:32:53'),(374,70000.00,'Lamb - Bones',29,'http://dummyimage.com/1000x1000.png/ff4444/ffffff','2024-06-03 05:32:53','2024-06-03 05:32:53'),(375,70000.00,'Beets - Pickled',76,'http://dummyimage.com/1000x1000.png/dddddd/000000','2024-06-03 05:32:53','2024-06-03 05:32:53'),(376,90000.00,'Pastry - Banana Tea Loaf',18,'http://dummyimage.com/1000x1000.png/dddddd/000000','2024-06-03 05:32:53','2024-06-03 05:32:53'),(377,10000.00,'Uniform Linen Charge',66,'http://dummyimage.com/1000x1000.png/cc0000/ffffff','2024-06-03 05:32:53','2024-06-03 05:32:53'),(378,20000.00,'Bagel - Plain',7,'http://dummyimage.com/1000x1000.png/ff4444/ffffff','2024-06-03 05:32:53','2024-06-03 05:32:53'),(379,20000.00,'Chocolate - Milk, Callets',9,'http://dummyimage.com/1000x1000.png/ff4444/ffffff','2024-06-03 05:32:53','2024-06-03 05:32:53'),(380,90000.00,'Squid Ink',41,'http://dummyimage.com/1000x1000.png/cc0000/ffffff','2024-06-03 05:32:53','2024-06-03 05:32:53'),(381,40000.00,'V8 Splash Strawberry Kiwi',100,'http://dummyimage.com/1000x1000.png/5fa2dd/ffffff','2024-06-03 05:32:53','2024-06-03 05:32:53'),(382,90000.00,'Bar - Sweet And Salty Chocolate',71,'http://dummyimage.com/1000x1000.png/cc0000/ffffff','2024-06-03 05:32:53','2024-06-03 05:32:53'),(383,90000.00,'Flour - Rye',13,'http://dummyimage.com/1000x1000.png/ff4444/ffffff','2024-06-03 05:32:53','2024-06-03 05:32:53'),(384,50000.00,'Oil - Canola',53,'http://dummyimage.com/1000x1000.png/cc0000/ffffff','2024-06-03 05:32:53','2024-06-03 05:32:53'),(385,80000.00,'Coriander - Seed',1,'http://dummyimage.com/1000x1000.png/dddddd/000000','2024-06-03 05:32:53','2024-06-03 05:32:53'),(386,80000.00,'Shrimp - 16/20, Iqf, Shell On',6,'http://dummyimage.com/1000x1000.png/dddddd/000000','2024-06-03 05:32:53','2024-06-03 05:32:53'),(387,10000.00,'Wine - German Riesling',64,'http://dummyimage.com/1000x1000.png/dddddd/000000','2024-06-03 05:32:53','2024-06-03 05:32:53'),(388,20000.00,'Juice - Apple, 341 Ml',39,'http://dummyimage.com/1000x1000.png/ff4444/ffffff','2024-06-03 05:32:53','2024-06-03 05:32:53'),(389,70000.00,'Longos - Burritos',89,'http://dummyimage.com/1000x1000.png/cc0000/ffffff','2024-06-03 05:32:53','2024-06-03 05:32:53'),(390,20000.00,'Plate - Foam, Bread And Butter',68,'http://dummyimage.com/1000x1000.png/dddddd/000000','2024-06-03 05:32:53','2024-06-03 05:32:53'),(391,50000.00,'Wine - Piper Heidsieck Brut',89,'http://dummyimage.com/1000x1000.png/5fa2dd/ffffff','2024-06-03 05:32:53','2024-06-03 05:32:53'),(392,80000.00,'Sauce - Soya, Light',1,'http://dummyimage.com/1000x1000.png/dddddd/000000','2024-06-03 05:32:53','2024-06-03 05:32:53'),(393,20000.00,'Sauce - Fish 25 Ozf Bottle',27,'http://dummyimage.com/1000x1000.png/5fa2dd/ffffff','2024-06-03 05:32:53','2024-06-03 05:32:53'),(394,10000.00,'Pepper - Cubanelle',100,'http://dummyimage.com/1000x1000.png/5fa2dd/ffffff','2024-06-03 05:32:53','2024-06-03 05:32:53'),(395,20000.00,'Wine - Prosecco Valdobienne',41,'http://dummyimage.com/1000x1000.png/ff4444/ffffff','2024-06-03 05:32:53','2024-06-03 05:32:53'),(396,50000.00,'Carrots - Mini, Stem On',47,'http://dummyimage.com/1000x1000.png/cc0000/ffffff','2024-06-03 05:32:53','2024-06-03 05:32:53'),(397,10000.00,'Okra',13,'http://dummyimage.com/1000x1000.png/dddddd/000000','2024-06-03 05:32:53','2024-06-03 05:32:53'),(398,90000.00,'Graham Cracker Mix',71,'http://dummyimage.com/1000x1000.png/ff4444/ffffff','2024-06-03 05:32:53','2024-06-03 05:32:53'),(399,60000.00,'Spinach - Baby',76,'http://dummyimage.com/1000x1000.png/dddddd/000000','2024-06-03 05:32:53','2024-06-03 05:32:53'),(400,80000.00,'Basil - Primerba, Paste',92,'http://dummyimage.com/1000x1000.png/5fa2dd/ffffff','2024-06-03 05:32:53','2024-06-03 05:32:53'),(401,10000.00,'Puree - Passion Fruit',5,'http://dummyimage.com/1000x1000.png/5fa2dd/ffffff','2024-06-03 05:32:53','2024-06-03 05:32:53'),(402,50000.00,'Lettuce - California Mix',2,'http://dummyimage.com/1000x1000.png/dddddd/000000','2024-06-03 05:32:53','2024-06-03 05:32:53'),(403,80000.00,'Water - Mineral, Natural',85,'http://dummyimage.com/1000x1000.png/ff4444/ffffff','2024-06-03 05:32:53','2024-06-03 05:32:53'),(404,70000.00,'Cheese - Comte',56,'http://dummyimage.com/1000x1000.png/cc0000/ffffff','2024-06-03 05:32:53','2024-06-03 05:32:53'),(405,70000.00,'Pasta - Cannelloni, Sheets, Fresh',86,'http://dummyimage.com/1000x1000.png/dddddd/000000','2024-06-03 05:32:53','2024-06-03 05:32:53'),(406,60000.00,'Flour - Bran, Red',64,'http://dummyimage.com/1000x1000.png/ff4444/ffffff','2024-06-03 05:32:53','2024-06-03 05:32:53'),(407,10000.00,'Meldea Green Tea Liquor',85,'http://dummyimage.com/1000x1000.png/dddddd/000000','2024-06-03 05:32:53','2024-06-03 05:32:53'),(408,60000.00,'Snapple Lemon Tea',75,'http://dummyimage.com/1000x1000.png/cc0000/ffffff','2024-06-03 05:32:53','2024-06-03 05:32:53'),(409,70000.00,'Veal - Leg',68,'http://dummyimage.com/1000x1000.png/dddddd/000000','2024-06-03 05:32:53','2024-06-03 05:32:53'),(410,20000.00,'Beer - Paulaner Hefeweisse',92,'http://dummyimage.com/1000x1000.png/dddddd/000000','2024-06-03 05:32:53','2024-06-03 05:32:53'),(411,100000.00,'Juice - Clam, 46 Oz',22,'http://dummyimage.com/1000x1000.png/5fa2dd/ffffff','2024-06-03 05:32:53','2024-06-03 05:32:53'),(412,50000.00,'Dehydrated Kelp Kombo',77,'http://dummyimage.com/1000x1000.png/cc0000/ffffff','2024-06-03 05:32:53','2024-06-03 05:32:53'),(413,80000.00,'Chinese Foods - Chicken Wing',32,'http://dummyimage.com/1000x1000.png/cc0000/ffffff','2024-06-03 05:32:53','2024-06-03 05:32:53'),(414,100000.00,'Carrots - Mini, Stem On',76,'http://dummyimage.com/1000x1000.png/dddddd/000000','2024-06-03 05:32:53','2024-06-03 05:32:53'),(415,30000.00,'Beets',34,'http://dummyimage.com/1000x1000.png/ff4444/ffffff','2024-06-03 05:32:53','2024-06-03 05:32:53'),(416,20000.00,'Black Currants',60,'http://dummyimage.com/1000x1000.png/cc0000/ffffff','2024-06-03 05:32:53','2024-06-03 05:32:53'),(417,90000.00,'Scallops 60/80 Iqf',90,'http://dummyimage.com/1000x1000.png/5fa2dd/ffffff','2024-06-03 05:32:53','2024-06-03 05:32:53'),(418,30000.00,'Wine - Puligny Montrachet A.',33,'http://dummyimage.com/1000x1000.png/cc0000/ffffff','2024-06-03 05:32:53','2024-06-03 05:32:53'),(419,30000.00,'Soup - Campbells Beef Strogonoff',3,'http://dummyimage.com/1000x1000.png/dddddd/000000','2024-06-03 05:32:53','2024-06-03 05:32:53'),(420,80000.00,'Wine - Magnotta - Bel Paese White',1,'http://dummyimage.com/1000x1000.png/5fa2dd/ffffff','2024-06-03 05:32:53','2024-06-03 05:32:53'),(421,40000.00,'Uniform Linen Charge',73,'http://dummyimage.com/1000x1000.png/5fa2dd/ffffff','2024-06-03 05:32:53','2024-06-03 05:32:53'),(422,40000.00,'Bar Bran Honey Nut',32,'http://dummyimage.com/1000x1000.png/dddddd/000000','2024-06-03 05:32:53','2024-06-03 05:32:53'),(423,90000.00,'Mushroom - Chanterelle Frozen',32,'http://dummyimage.com/1000x1000.png/ff4444/ffffff','2024-06-03 05:32:53','2024-06-03 05:32:53'),(424,20000.00,'Duck - Fat',41,'http://dummyimage.com/1000x1000.png/5fa2dd/ffffff','2024-06-03 05:32:53','2024-06-03 05:32:53'),(425,90000.00,'Calypso - Pineapple Passion',7,'http://dummyimage.com/1000x1000.png/dddddd/000000','2024-06-03 05:32:53','2024-06-03 05:32:53'),(426,60000.00,'Garam Marsala',39,'http://dummyimage.com/1000x1000.png/ff4444/ffffff','2024-06-03 05:32:53','2024-06-03 05:32:53'),(427,100000.00,'Onion Powder',33,'http://dummyimage.com/1000x1000.png/5fa2dd/ffffff','2024-06-03 05:32:53','2024-06-03 05:32:53'),(428,100000.00,'Bread - Roll, Canadian Dinner',77,'http://dummyimage.com/1000x1000.png/ff4444/ffffff','2024-06-03 05:32:53','2024-06-03 05:32:53'),(429,30000.00,'Apple - Northern Spy',12,'http://dummyimage.com/1000x1000.png/5fa2dd/ffffff','2024-06-03 05:32:53','2024-06-03 05:32:53'),(430,100000.00,'Chips Potato Swt Chilli Sour',23,'http://dummyimage.com/1000x1000.png/cc0000/ffffff','2024-06-03 05:32:53','2024-06-03 05:32:53'),(431,50000.00,'Longos - Greek Salad',89,'http://dummyimage.com/1000x1000.png/ff4444/ffffff','2024-06-03 05:32:53','2024-06-03 05:32:53'),(432,20000.00,'Cookie Choc',2,'http://dummyimage.com/1000x1000.png/ff4444/ffffff','2024-06-03 05:32:53','2024-06-03 05:32:53'),(433,20000.00,'Mangoes',69,'http://dummyimage.com/1000x1000.png/cc0000/ffffff','2024-06-03 05:32:53','2024-06-03 05:32:53'),(434,80000.00,'Sprouts - Baby Pea Tendrils',13,'http://dummyimage.com/1000x1000.png/dddddd/000000','2024-06-03 05:32:53','2024-06-03 05:32:53'),(435,10000.00,'Lid Tray - 12in Dome',30,'http://dummyimage.com/1000x1000.png/cc0000/ffffff','2024-06-03 05:32:53','2024-06-03 05:32:53'),(436,40000.00,'Beef - Texas Style Burger',30,'http://dummyimage.com/1000x1000.png/5fa2dd/ffffff','2024-06-03 05:32:53','2024-06-03 05:32:53'),(437,30000.00,'Sage Ground Wiberg',52,'http://dummyimage.com/1000x1000.png/dddddd/000000','2024-06-03 05:32:53','2024-06-03 05:32:53'),(438,80000.00,'Pork - Ham, Virginia',1,'http://dummyimage.com/1000x1000.png/cc0000/ffffff','2024-06-03 05:32:53','2024-06-03 05:32:53'),(439,20000.00,'Veal - Ground',50,'http://dummyimage.com/1000x1000.png/dddddd/000000','2024-06-03 05:32:53','2024-06-03 05:32:53'),(440,80000.00,'Mushroom - King Eryingii',93,'http://dummyimage.com/1000x1000.png/dddddd/000000','2024-06-03 05:32:53','2024-06-03 05:32:53'),(441,10000.00,'Puree - Passion Fruit',48,'http://dummyimage.com/1000x1000.png/5fa2dd/ffffff','2024-06-03 05:32:53','2024-06-03 05:32:53'),(442,90000.00,'Goldschalger',36,'http://dummyimage.com/1000x1000.png/cc0000/ffffff','2024-06-03 05:32:53','2024-06-03 05:32:53'),(443,30000.00,'Noodles - Cellophane, Thin',44,'http://dummyimage.com/1000x1000.png/5fa2dd/ffffff','2024-06-03 05:32:53','2024-06-03 05:32:53'),(444,50000.00,'Bread - Rolls, Rye',1,'http://dummyimage.com/1000x1000.png/cc0000/ffffff','2024-06-03 05:32:53','2024-06-03 05:32:53'),(445,50000.00,'Nutmeg - Ground',46,'http://dummyimage.com/1000x1000.png/cc0000/ffffff','2024-06-03 05:32:53','2024-06-03 05:32:53'),(446,40000.00,'Rice - Wild',4,'http://dummyimage.com/1000x1000.png/dddddd/000000','2024-06-03 05:32:53','2024-06-03 05:32:53'),(447,20000.00,'Tortillas - Flour, 8',60,'http://dummyimage.com/1000x1000.png/dddddd/000000','2024-06-03 05:32:53','2024-06-03 05:32:53'),(448,10000.00,'Wine - Alicanca Vinho Verde',27,'http://dummyimage.com/1000x1000.png/cc0000/ffffff','2024-06-03 05:32:53','2024-06-03 05:32:53'),(449,100000.00,'Wine - Sogrape Mateus Rose',39,'http://dummyimage.com/1000x1000.png/ff4444/ffffff','2024-06-03 05:32:53','2024-06-03 05:32:53'),(450,90000.00,'Yogurt - Assorted Pack',22,'http://dummyimage.com/1000x1000.png/cc0000/ffffff','2024-06-03 05:32:53','2024-06-03 05:32:53'),(451,100000.00,'Temperature Recording Station',70,'http://dummyimage.com/1000x1000.png/5fa2dd/ffffff','2024-06-03 05:32:53','2024-06-03 05:32:53'),(452,100000.00,'Beef Striploin Aaa',69,'http://dummyimage.com/1000x1000.png/cc0000/ffffff','2024-06-03 05:32:53','2024-06-03 05:32:53'),(453,100000.00,'Dooleys Toffee',2,'http://dummyimage.com/1000x1000.png/ff4444/ffffff','2024-06-03 05:32:53','2024-06-03 05:32:53'),(454,40000.00,'Icecream - Dstk Cml And Fdg',61,'http://dummyimage.com/1000x1000.png/dddddd/000000','2024-06-03 05:32:53','2024-06-03 05:32:53'),(455,70000.00,'Flower - Daisies',93,'http://dummyimage.com/1000x1000.png/cc0000/ffffff','2024-06-03 05:32:53','2024-06-03 05:32:53'),(456,100000.00,'Tart - Lemon',67,'http://dummyimage.com/1000x1000.png/dddddd/000000','2024-06-03 05:32:53','2024-06-03 05:32:53'),(457,70000.00,'Wine - Harrow Estates, Vidal',4,'http://dummyimage.com/1000x1000.png/ff4444/ffffff','2024-06-03 05:32:53','2024-06-03 05:32:53'),(458,30000.00,'Towels - Paper / Kraft',97,'http://dummyimage.com/1000x1000.png/5fa2dd/ffffff','2024-06-03 05:32:53','2024-06-03 05:32:53'),(459,30000.00,'Sauce - Fish 25 Ozf Bottle',63,'http://dummyimage.com/1000x1000.png/ff4444/ffffff','2024-06-03 05:32:53','2024-06-03 05:32:53'),(460,90000.00,'Beef Striploin Aaa',65,'http://dummyimage.com/1000x1000.png/cc0000/ffffff','2024-06-03 05:32:53','2024-06-03 05:32:53'),(461,90000.00,'Cherries - Frozen',14,'http://dummyimage.com/1000x1000.png/ff4444/ffffff','2024-06-03 05:32:53','2024-06-03 05:32:53'),(462,60000.00,'Pork - Liver',41,'http://dummyimage.com/1000x1000.png/dddddd/000000','2024-06-03 05:32:53','2024-06-03 05:32:53'),(463,80000.00,'Flour - Whole Wheat',87,'http://dummyimage.com/1000x1000.png/dddddd/000000','2024-06-03 05:32:53','2024-06-03 05:32:53'),(464,80000.00,'Wine - Port Late Bottled Vintage',14,'http://dummyimage.com/1000x1000.png/cc0000/ffffff','2024-06-03 05:32:53','2024-06-03 05:32:53'),(465,60000.00,'Arctic Char - Fresh, Whole',9,'http://dummyimage.com/1000x1000.png/ff4444/ffffff','2024-06-03 05:32:53','2024-06-03 05:32:53'),(466,80000.00,'Grenadine',33,'http://dummyimage.com/1000x1000.png/cc0000/ffffff','2024-06-03 05:32:53','2024-06-03 05:32:53'),(467,10000.00,'Pasta - Lasagne, Fresh',39,'http://dummyimage.com/1000x1000.png/ff4444/ffffff','2024-06-03 05:32:53','2024-06-03 05:32:53'),(468,10000.00,'Cup Translucent 9 Oz',85,'http://dummyimage.com/1000x1000.png/cc0000/ffffff','2024-06-03 05:32:53','2024-06-03 05:32:53'),(469,30000.00,'Gin - Gilbeys London, Dry',94,'http://dummyimage.com/1000x1000.png/5fa2dd/ffffff','2024-06-03 05:32:53','2024-06-03 05:32:53'),(470,30000.00,'Wine - Periguita Fonseca',96,'http://dummyimage.com/1000x1000.png/dddddd/000000','2024-06-03 05:32:53','2024-06-03 05:32:53'),(471,70000.00,'Madeira',67,'http://dummyimage.com/1000x1000.png/5fa2dd/ffffff','2024-06-03 05:32:53','2024-06-03 05:32:53'),(472,30000.00,'Wine - Chardonnay South',69,'http://dummyimage.com/1000x1000.png/cc0000/ffffff','2024-06-03 05:32:53','2024-06-03 05:32:53'),(473,40000.00,'Pop Shoppe Cream Soda',97,'http://dummyimage.com/1000x1000.png/5fa2dd/ffffff','2024-06-03 05:32:53','2024-06-03 05:32:53'),(474,40000.00,'Nut - Walnut, Pieces',72,'http://dummyimage.com/1000x1000.png/5fa2dd/ffffff','2024-06-03 05:32:53','2024-06-03 05:32:53'),(475,70000.00,'Coffee - Cafe Moreno',9,'http://dummyimage.com/1000x1000.png/dddddd/000000','2024-06-03 05:32:53','2024-06-03 05:32:53'),(476,10000.00,'Pastry - Chocolate Chip Muffin',70,'http://dummyimage.com/1000x1000.png/dddddd/000000','2024-06-03 05:32:53','2024-06-03 05:32:53'),(477,20000.00,'Stock - Chicken, White',40,'http://dummyimage.com/1000x1000.png/ff4444/ffffff','2024-06-03 05:32:53','2024-06-03 05:32:53'),(478,30000.00,'Papadam',91,'http://dummyimage.com/1000x1000.png/cc0000/ffffff','2024-06-03 05:32:53','2024-06-03 05:32:53'),(479,80000.00,'Parsnip',15,'http://dummyimage.com/1000x1000.png/dddddd/000000','2024-06-03 05:32:53','2024-06-03 05:32:53'),(480,90000.00,'Tamarillo',70,'http://dummyimage.com/1000x1000.png/cc0000/ffffff','2024-06-03 05:32:53','2024-06-03 05:32:53'),(481,10000.00,'Hickory Smoke, Liquid',56,'http://dummyimage.com/1000x1000.png/dddddd/000000','2024-06-03 05:32:53','2024-06-03 05:32:53'),(482,50000.00,'Ocean Spray - Ruby Red',92,'http://dummyimage.com/1000x1000.png/ff4444/ffffff','2024-06-03 05:32:53','2024-06-03 05:32:53'),(483,100000.00,'Veal - Leg, Provimi - 50 Lb Max',45,'http://dummyimage.com/1000x1000.png/dddddd/000000','2024-06-03 05:32:53','2024-06-03 05:32:53'),(484,100000.00,'Puree - Strawberry',85,'http://dummyimage.com/1000x1000.png/5fa2dd/ffffff','2024-06-03 05:32:53','2024-06-03 05:32:53'),(485,50000.00,'Marjoram - Dried, Rubbed',57,'http://dummyimage.com/1000x1000.png/5fa2dd/ffffff','2024-06-03 05:32:53','2024-06-03 05:32:53'),(486,80000.00,'Sugar - Sweet N Low, Individual',87,'http://dummyimage.com/1000x1000.png/dddddd/000000','2024-06-03 05:32:53','2024-06-03 05:32:53'),(487,100000.00,'Beef - Striploin',88,'http://dummyimage.com/1000x1000.png/cc0000/ffffff','2024-06-03 05:32:53','2024-06-03 05:32:53'),(488,30000.00,'Energy Drink - Franks Original',18,'http://dummyimage.com/1000x1000.png/5fa2dd/ffffff','2024-06-03 05:32:53','2024-06-03 05:32:53'),(489,90000.00,'Coffee Beans - Chocolate',30,'http://dummyimage.com/1000x1000.png/cc0000/ffffff','2024-06-03 05:32:53','2024-06-03 05:32:53'),(490,30000.00,'Knife Plastic - White',27,'http://dummyimage.com/1000x1000.png/dddddd/000000','2024-06-03 05:32:53','2024-06-03 05:32:53'),(491,20000.00,'Appetizer - Smoked Salmon / Dill',32,'http://dummyimage.com/1000x1000.png/ff4444/ffffff','2024-06-03 05:32:53','2024-06-03 05:32:53'),(492,10000.00,'Coffee - Ristretto Coffee Capsule',65,'http://dummyimage.com/1000x1000.png/5fa2dd/ffffff','2024-06-03 05:32:53','2024-06-03 05:32:53'),(493,10000.00,'Milk - Chocolate 500ml',98,'http://dummyimage.com/1000x1000.png/5fa2dd/ffffff','2024-06-03 05:32:53','2024-06-03 05:32:53'),(494,50000.00,'Rum - White, Gg White',97,'http://dummyimage.com/1000x1000.png/5fa2dd/ffffff','2024-06-03 05:32:53','2024-06-03 05:32:53'),(495,20000.00,'Beef - Kindney, Whole',66,'http://dummyimage.com/1000x1000.png/5fa2dd/ffffff','2024-06-03 05:32:53','2024-06-03 05:32:53'),(496,70000.00,'Spinach - Baby',48,'http://dummyimage.com/1000x1000.png/cc0000/ffffff','2024-06-03 05:32:53','2024-06-03 05:32:53'),(497,50000.00,'Lychee - Canned',85,'http://dummyimage.com/1000x1000.png/dddddd/000000','2024-06-03 05:32:53','2024-06-03 05:32:53'),(498,40000.00,'Syrup - Pancake',26,'http://dummyimage.com/1000x1000.png/cc0000/ffffff','2024-06-03 05:32:53','2024-06-03 05:32:53'),(499,10000.00,'Nut - Peanut, Roasted',41,'http://dummyimage.com/1000x1000.png/5fa2dd/ffffff','2024-06-03 05:32:53','2024-06-03 05:32:53'),(500,80000.00,'Quail - Whole, Bone - In',95,'http://dummyimage.com/1000x1000.png/cc0000/ffffff','2024-06-03 05:32:53','2024-06-03 05:32:53'),(501,70000.00,'Napkin White - Starched',14,'http://dummyimage.com/1000x1000.png/dddddd/000000','2024-06-03 05:32:53','2024-06-03 05:32:53'),(502,80000.00,'Fenngreek Seed',42,'http://dummyimage.com/1000x1000.png/ff4444/ffffff','2024-06-03 05:32:53','2024-06-03 05:32:53'),(503,90000.00,'Scallops - Live In Shell',51,'http://dummyimage.com/1000x1000.png/ff4444/ffffff','2024-06-03 05:32:53','2024-06-03 05:32:53'),(504,30000.00,'Lobster - Cooked',97,'http://dummyimage.com/1000x1000.png/dddddd/000000','2024-06-03 05:32:53','2024-06-03 05:32:53'),(505,100000.00,'Cut Wakame - Hanawakaba',94,'http://dummyimage.com/1000x1000.png/cc0000/ffffff','2024-06-03 05:32:53','2024-06-03 05:32:53'),(506,10000.00,'Chutney Sauce - Mango',81,'http://dummyimage.com/1000x1000.png/dddddd/000000','2024-06-03 05:32:53','2024-06-03 05:32:53'),(507,100000.00,'Beer - Rickards Red',86,'http://dummyimage.com/1000x1000.png/dddddd/000000','2024-06-03 05:32:53','2024-06-03 05:32:53'),(508,30000.00,'Zucchini - Mini, Green',5,'http://dummyimage.com/1000x1000.png/cc0000/ffffff','2024-06-03 05:32:53','2024-06-03 05:32:53'),(509,30000.00,'Soup - Knorr, Chicken Noodle',91,'http://dummyimage.com/1000x1000.png/cc0000/ffffff','2024-06-03 05:32:53','2024-06-03 05:32:53'),(510,100000.00,'Phyllo Dough',85,'http://dummyimage.com/1000x1000.png/5fa2dd/ffffff','2024-06-03 05:32:53','2024-06-03 05:32:53'),(511,100000.00,'Pheasants - Whole',84,'http://dummyimage.com/1000x1000.png/5fa2dd/ffffff','2024-06-03 05:32:53','2024-06-03 05:32:53'),(512,70000.00,'Cinnamon - Stick',45,'http://dummyimage.com/1000x1000.png/cc0000/ffffff','2024-06-03 05:32:53','2024-06-03 05:32:53'),(513,80000.00,'Bacardi Limon',17,'http://dummyimage.com/1000x1000.png/ff4444/ffffff','2024-06-03 05:32:53','2024-06-03 05:32:53'),(514,30000.00,'Wine - Cave Springs Dry Riesling',97,'http://dummyimage.com/1000x1000.png/cc0000/ffffff','2024-06-03 05:32:53','2024-06-03 05:32:53'),(515,60000.00,'Water - Evian 355 Ml',41,'http://dummyimage.com/1000x1000.png/dddddd/000000','2024-06-03 05:32:53','2024-06-03 05:32:53'),(516,80000.00,'Steampan Lid',95,'http://dummyimage.com/1000x1000.png/5fa2dd/ffffff','2024-06-03 05:32:53','2024-06-03 05:32:53'),(517,80000.00,'Cheese - Parmigiano Reggiano',89,'http://dummyimage.com/1000x1000.png/cc0000/ffffff','2024-06-03 05:32:53','2024-06-03 05:32:53'),(518,50000.00,'Cake - Miini Cheesecake Cherry',53,'http://dummyimage.com/1000x1000.png/ff4444/ffffff','2024-06-03 05:32:53','2024-06-03 05:32:53'),(519,30000.00,'Pastry - Carrot Muffin - Mini',64,'http://dummyimage.com/1000x1000.png/cc0000/ffffff','2024-06-03 05:32:53','2024-06-03 05:32:53'),(520,70000.00,'Coffee - French Vanilla Frothy',13,'http://dummyimage.com/1000x1000.png/ff4444/ffffff','2024-06-03 05:32:53','2024-06-03 05:32:53'),(521,30000.00,'Mace',13,'http://dummyimage.com/1000x1000.png/ff4444/ffffff','2024-06-03 05:32:53','2024-06-03 05:32:53'),(522,10000.00,'Wine - Jaboulet Cotes Du Rhone',26,'http://dummyimage.com/1000x1000.png/ff4444/ffffff','2024-06-03 05:32:53','2024-06-03 05:32:53'),(523,70000.00,'Muffin Mix - Blueberry',44,'http://dummyimage.com/1000x1000.png/5fa2dd/ffffff','2024-06-03 05:32:53','2024-06-03 05:32:53'),(524,20000.00,'Mushroom - Shitake, Dry',26,'http://dummyimage.com/1000x1000.png/cc0000/ffffff','2024-06-03 05:32:53','2024-06-03 05:32:53'),(525,50000.00,'Bandage - Flexible Neon',99,'http://dummyimage.com/1000x1000.png/dddddd/000000','2024-06-03 05:32:53','2024-06-03 05:32:53'),(526,40000.00,'Sage - Rubbed',59,'http://dummyimage.com/1000x1000.png/5fa2dd/ffffff','2024-06-03 05:32:53','2024-06-03 05:32:53'),(527,40000.00,'Cheese Cloth',23,'http://dummyimage.com/1000x1000.png/ff4444/ffffff','2024-06-03 05:32:53','2024-06-03 05:32:53'),(528,90000.00,'Pectin',24,'http://dummyimage.com/1000x1000.png/ff4444/ffffff','2024-06-03 05:32:53','2024-06-03 05:32:53'),(529,70000.00,'Lemons',53,'http://dummyimage.com/1000x1000.png/dddddd/000000','2024-06-03 05:32:53','2024-06-03 05:32:53'),(530,30000.00,'Pepper - Green, Chili',43,'http://dummyimage.com/1000x1000.png/dddddd/000000','2024-06-03 05:32:53','2024-06-03 05:32:53'),(531,70000.00,'Flour - So Mix Cake White',50,'http://dummyimage.com/1000x1000.png/ff4444/ffffff','2024-06-03 05:32:53','2024-06-03 05:32:53'),(532,70000.00,'Bread - Multigrain',80,'http://dummyimage.com/1000x1000.png/ff4444/ffffff','2024-06-03 05:32:53','2024-06-03 05:32:53'),(533,40000.00,'Juice - Cranberry 284ml',93,'http://dummyimage.com/1000x1000.png/5fa2dd/ffffff','2024-06-03 05:32:53','2024-06-03 05:32:53'),(534,10000.00,'Creme De Cacao White',61,'http://dummyimage.com/1000x1000.png/5fa2dd/ffffff','2024-06-03 05:32:53','2024-06-03 05:32:53'),(535,10000.00,'Wine - White, Concha Y Toro',41,'http://dummyimage.com/1000x1000.png/ff4444/ffffff','2024-06-03 05:32:53','2024-06-03 05:32:53'),(536,50000.00,'Gatorade - Orange',15,'http://dummyimage.com/1000x1000.png/5fa2dd/ffffff','2024-06-03 05:32:53','2024-06-03 05:32:53'),(537,70000.00,'Salmon Atl.whole 8 - 10 Lb',22,'http://dummyimage.com/1000x1000.png/5fa2dd/ffffff','2024-06-03 05:32:53','2024-06-03 05:32:53'),(538,100000.00,'Steam Pan - Half Size Deep',43,'http://dummyimage.com/1000x1000.png/5fa2dd/ffffff','2024-06-03 05:32:53','2024-06-03 05:32:53'),(539,20000.00,'Knife Plastic - White',86,'http://dummyimage.com/1000x1000.png/5fa2dd/ffffff','2024-06-03 05:32:53','2024-06-03 05:32:53'),(540,30000.00,'Tuna - Salad Premix',54,'http://dummyimage.com/1000x1000.png/ff4444/ffffff','2024-06-03 05:32:53','2024-06-03 05:32:53'),(541,70000.00,'Coffee - French Vanilla Frothy',85,'http://dummyimage.com/1000x1000.png/ff4444/ffffff','2024-06-03 05:32:53','2024-06-03 05:32:53'),(542,80000.00,'Eggs - Extra Large',85,'http://dummyimage.com/1000x1000.png/cc0000/ffffff','2024-06-03 05:32:53','2024-06-03 05:32:53'),(543,80000.00,'Beer - Upper Canada Lager',23,'http://dummyimage.com/1000x1000.png/5fa2dd/ffffff','2024-06-03 05:32:53','2024-06-03 05:32:53'),(544,80000.00,'Dc Hikiage Hira Huba',88,'http://dummyimage.com/1000x1000.png/cc0000/ffffff','2024-06-03 05:32:53','2024-06-03 05:32:53'),(545,80000.00,'Tuna - Fresh',62,'http://dummyimage.com/1000x1000.png/ff4444/ffffff','2024-06-03 05:32:53','2024-06-03 05:32:53'),(546,40000.00,'Veal - Leg',1,'http://dummyimage.com/1000x1000.png/ff4444/ffffff','2024-06-03 05:32:53','2024-06-03 05:32:53'),(547,90000.00,'Mackerel Whole Fresh',99,'http://dummyimage.com/1000x1000.png/cc0000/ffffff','2024-06-03 05:32:53','2024-06-03 05:32:53'),(548,10000.00,'Cup - 6oz, Foam',85,'http://dummyimage.com/1000x1000.png/5fa2dd/ffffff','2024-06-03 05:32:53','2024-06-03 05:32:53'),(549,10000.00,'Sauce - Oyster',32,'http://dummyimage.com/1000x1000.png/5fa2dd/ffffff','2024-06-03 05:32:53','2024-06-03 05:32:53'),(550,50000.00,'Turkey Leg With Drum And Thigh',1,'http://dummyimage.com/1000x1000.png/ff4444/ffffff','2024-06-03 05:32:53','2024-06-03 05:32:53'),(551,70000.00,'Tea - Herbal Sweet Dreams',59,'http://dummyimage.com/1000x1000.png/cc0000/ffffff','2024-06-03 05:32:53','2024-06-03 05:32:53'),(552,10000.00,'Chips Potato Swt Chilli Sour',2,'http://dummyimage.com/1000x1000.png/dddddd/000000','2024-06-03 05:32:53','2024-06-03 05:32:53'),(553,90000.00,'Pancetta',32,'http://dummyimage.com/1000x1000.png/cc0000/ffffff','2024-06-03 05:32:53','2024-06-03 05:32:53'),(554,50000.00,'Mayonnaise',29,'http://dummyimage.com/1000x1000.png/dddddd/000000','2024-06-03 05:32:53','2024-06-03 05:32:53'),(555,90000.00,'Lemonade - Natural, 591 Ml',15,'http://dummyimage.com/1000x1000.png/dddddd/000000','2024-06-03 05:32:53','2024-06-03 05:32:53'),(556,30000.00,'Wine - Alicanca Vinho Verde',57,'http://dummyimage.com/1000x1000.png/ff4444/ffffff','2024-06-03 05:32:53','2024-06-03 05:32:53'),(557,40000.00,'Veal - Inside, Choice',85,'http://dummyimage.com/1000x1000.png/ff4444/ffffff','2024-06-03 05:32:53','2024-06-03 05:32:53'),(558,30000.00,'Pepper - White, Ground',53,'http://dummyimage.com/1000x1000.png/5fa2dd/ffffff','2024-06-03 05:32:53','2024-06-03 05:32:53'),(559,50000.00,'Cookies - Englishbay Wht',83,'http://dummyimage.com/1000x1000.png/5fa2dd/ffffff','2024-06-03 05:32:53','2024-06-03 05:32:53'),(560,40000.00,'Chicken - Whole',67,'http://dummyimage.com/1000x1000.png/cc0000/ffffff','2024-06-03 05:32:53','2024-06-03 05:32:53'),(561,90000.00,'Pasta - Orecchiette',77,'http://dummyimage.com/1000x1000.png/cc0000/ffffff','2024-06-03 05:32:53','2024-06-03 05:32:53'),(562,90000.00,'Sprite - 355 Ml',25,'http://dummyimage.com/1000x1000.png/cc0000/ffffff','2024-06-03 05:32:53','2024-06-03 05:32:53'),(563,70000.00,'Pork Loin Bine - In Frenched',17,'http://dummyimage.com/1000x1000.png/dddddd/000000','2024-06-03 05:32:53','2024-06-03 05:32:53'),(564,50000.00,'Energy Drink - Franks Original',14,'http://dummyimage.com/1000x1000.png/5fa2dd/ffffff','2024-06-03 05:32:53','2024-06-03 05:32:53'),(565,80000.00,'Langers - Mango Nectar',93,'http://dummyimage.com/1000x1000.png/cc0000/ffffff','2024-06-03 05:32:53','2024-06-03 05:32:53'),(566,10000.00,'Chickhen - Chicken Phyllo',38,'http://dummyimage.com/1000x1000.png/cc0000/ffffff','2024-06-03 05:32:53','2024-06-03 05:32:53'),(567,30000.00,'Olives - Kalamata',11,'http://dummyimage.com/1000x1000.png/cc0000/ffffff','2024-06-03 05:32:53','2024-06-03 05:32:53'),(568,30000.00,'Sage - Fresh',76,'http://dummyimage.com/1000x1000.png/ff4444/ffffff','2024-06-03 05:32:53','2024-06-03 05:32:53'),(569,20000.00,'Dried Peach',32,'http://dummyimage.com/1000x1000.png/cc0000/ffffff','2024-06-03 05:32:53','2024-06-03 05:32:53'),(570,80000.00,'Beef - Tenderlion, Center Cut',78,'http://dummyimage.com/1000x1000.png/ff4444/ffffff','2024-06-03 05:32:53','2024-06-03 05:32:53'),(571,70000.00,'Canada Dry',76,'http://dummyimage.com/1000x1000.png/dddddd/000000','2024-06-03 05:32:53','2024-06-03 05:32:53'),(572,80000.00,'Beef - Tenderloin - Aa',59,'http://dummyimage.com/1000x1000.png/5fa2dd/ffffff','2024-06-03 05:32:53','2024-06-03 05:32:53'),(573,50000.00,'Mushrooms - Black, Dried',63,'http://dummyimage.com/1000x1000.png/cc0000/ffffff','2024-06-03 05:32:53','2024-06-03 05:32:53'),(574,10000.00,'Muffin Mix - Corn Harvest',56,'http://dummyimage.com/1000x1000.png/5fa2dd/ffffff','2024-06-03 05:32:53','2024-06-03 05:32:53'),(575,90000.00,'Bag Clear 10 Lb',96,'http://dummyimage.com/1000x1000.png/ff4444/ffffff','2024-06-03 05:32:53','2024-06-03 05:32:53'),(576,80000.00,'Spice - Paprika',94,'http://dummyimage.com/1000x1000.png/ff4444/ffffff','2024-06-03 05:32:53','2024-06-03 05:32:53'),(577,80000.00,'Butter - Salted',20,'http://dummyimage.com/1000x1000.png/ff4444/ffffff','2024-06-03 05:32:53','2024-06-03 05:32:53'),(578,90000.00,'Yogurt - Banana, 175 Gr',29,'http://dummyimage.com/1000x1000.png/ff4444/ffffff','2024-06-03 05:32:53','2024-06-03 05:32:53'),(579,30000.00,'Nut - Pecan, Halves',60,'http://dummyimage.com/1000x1000.png/cc0000/ffffff','2024-06-03 05:32:53','2024-06-03 05:32:53'),(580,50000.00,'Pail - 15l White, With Handle',79,'http://dummyimage.com/1000x1000.png/cc0000/ffffff','2024-06-03 05:32:53','2024-06-03 05:32:53'),(581,70000.00,'Cabbage - Green',17,'http://dummyimage.com/1000x1000.png/5fa2dd/ffffff','2024-06-03 05:32:53','2024-06-03 05:32:53'),(582,90000.00,'Scallops - 20/30',10,'http://dummyimage.com/1000x1000.png/dddddd/000000','2024-06-03 05:32:53','2024-06-03 05:32:53'),(583,10000.00,'Cocktail Napkin Blue',71,'http://dummyimage.com/1000x1000.png/cc0000/ffffff','2024-06-03 05:32:53','2024-06-03 05:32:53'),(584,100000.00,'Chocolate - Pistoles, Lactee, Milk',60,'http://dummyimage.com/1000x1000.png/dddddd/000000','2024-06-03 05:32:53','2024-06-03 05:32:53'),(585,30000.00,'Pike - Frozen Fillet',29,'http://dummyimage.com/1000x1000.png/5fa2dd/ffffff','2024-06-03 05:32:53','2024-06-03 05:32:53'),(586,50000.00,'Brandy Apricot',28,'http://dummyimage.com/1000x1000.png/5fa2dd/ffffff','2024-06-03 05:32:53','2024-06-03 05:32:53'),(587,60000.00,'Chicken Thigh - Bone Out',27,'http://dummyimage.com/1000x1000.png/dddddd/000000','2024-06-03 05:32:53','2024-06-03 05:32:53'),(588,60000.00,'Table Cloth 53x69 White',43,'http://dummyimage.com/1000x1000.png/dddddd/000000','2024-06-03 05:32:53','2024-06-03 05:32:53'),(589,90000.00,'Icecream - Dstk Super Cone',83,'http://dummyimage.com/1000x1000.png/dddddd/000000','2024-06-03 05:32:53','2024-06-03 05:32:53'),(590,100000.00,'Coconut - Creamed, Pure',75,'http://dummyimage.com/1000x1000.png/cc0000/ffffff','2024-06-03 05:32:53','2024-06-03 05:32:53'),(591,70000.00,'Cheese - Manchego, Spanish',97,'http://dummyimage.com/1000x1000.png/dddddd/000000','2024-06-03 05:32:53','2024-06-03 05:32:53'),(592,20000.00,'Hog / Sausage Casing - Pork',23,'http://dummyimage.com/1000x1000.png/5fa2dd/ffffff','2024-06-03 05:32:53','2024-06-03 05:32:53'),(593,10000.00,'Foil Wrap',19,'http://dummyimage.com/1000x1000.png/ff4444/ffffff','2024-06-03 05:32:53','2024-06-03 05:32:53'),(594,20000.00,'Croissants Thaw And Serve',21,'http://dummyimage.com/1000x1000.png/dddddd/000000','2024-06-03 05:32:53','2024-06-03 05:32:53'),(595,20000.00,'Venison - Denver Leg Boneless',45,'http://dummyimage.com/1000x1000.png/5fa2dd/ffffff','2024-06-03 05:32:53','2024-06-03 05:32:53'),(596,70000.00,'Pasta - Fusili Tri - Coloured',73,'http://dummyimage.com/1000x1000.png/cc0000/ffffff','2024-06-03 05:32:53','2024-06-03 05:32:53'),(597,30000.00,'Beef - Kindney, Whole',2,'http://dummyimage.com/1000x1000.png/5fa2dd/ffffff','2024-06-03 05:32:53','2024-06-03 05:32:53'),(598,50000.00,'Lamb - Whole, Frozen',30,'http://dummyimage.com/1000x1000.png/cc0000/ffffff','2024-06-03 05:32:53','2024-06-03 05:32:53'),(599,80000.00,'Mushroom - Enoki, Dry',84,'http://dummyimage.com/1000x1000.png/cc0000/ffffff','2024-06-03 05:32:53','2024-06-03 05:32:53'),(600,50000.00,'Loaf Pan - 2 Lb, Foil',13,'http://dummyimage.com/1000x1000.png/5fa2dd/ffffff','2024-06-03 05:32:53','2024-06-03 05:32:53'),(601,10000.00,'Muskox - French Rack',37,'http://dummyimage.com/1000x1000.png/5fa2dd/ffffff','2024-06-03 05:32:53','2024-06-03 05:32:53'),(602,70000.00,'Soup - Campbells, Spinach Crm',28,'http://dummyimage.com/1000x1000.png/5fa2dd/ffffff','2024-06-03 05:32:53','2024-06-03 05:32:53'),(603,10000.00,'Salt - Sea',18,'http://dummyimage.com/1000x1000.png/dddddd/000000','2024-06-03 05:32:53','2024-06-03 05:32:53'),(604,60000.00,'Cheese - Brie Roitelet',70,'http://dummyimage.com/1000x1000.png/5fa2dd/ffffff','2024-06-03 05:32:53','2024-06-03 05:32:53'),(605,50000.00,'Lamb - Leg, Diced',12,'http://dummyimage.com/1000x1000.png/cc0000/ffffff','2024-06-03 05:32:53','2024-06-03 05:32:53'),(606,50000.00,'Yams',19,'http://dummyimage.com/1000x1000.png/cc0000/ffffff','2024-06-03 05:32:53','2024-06-03 05:32:53'),(607,100000.00,'Bread - Olive Dinner Roll',72,'http://dummyimage.com/1000x1000.png/dddddd/000000','2024-06-03 05:32:53','2024-06-03 05:32:53'),(608,60000.00,'Wine - Port Late Bottled Vintage',74,'http://dummyimage.com/1000x1000.png/ff4444/ffffff','2024-06-03 05:32:53','2024-06-03 05:32:53'),(609,20000.00,'Soup - Campbells, Spinach Crm',39,'http://dummyimage.com/1000x1000.png/cc0000/ffffff','2024-06-03 05:32:53','2024-06-03 05:32:53'),(610,80000.00,'Fish - Artic Char, Cold Smoked',14,'http://dummyimage.com/1000x1000.png/ff4444/ffffff','2024-06-03 05:32:53','2024-06-03 05:32:53'),(611,100000.00,'Truffle Cups - Red',35,'http://dummyimage.com/1000x1000.png/ff4444/ffffff','2024-06-03 05:32:53','2024-06-03 05:32:53'),(612,10000.00,'Cheese - Havarti, Salsa',25,'http://dummyimage.com/1000x1000.png/dddddd/000000','2024-06-03 05:32:53','2024-06-03 05:32:53'),(613,100000.00,'Papadam',90,'http://dummyimage.com/1000x1000.png/dddddd/000000','2024-06-03 05:32:53','2024-06-03 05:32:53'),(614,80000.00,'Lady Fingers',80,'http://dummyimage.com/1000x1000.png/ff4444/ffffff','2024-06-03 05:32:53','2024-06-03 05:32:53'),(615,20000.00,'Carroway Seed',16,'http://dummyimage.com/1000x1000.png/ff4444/ffffff','2024-06-03 05:32:53','2024-06-03 05:32:53'),(616,40000.00,'Muffin Mix - Morning Glory',29,'http://dummyimage.com/1000x1000.png/ff4444/ffffff','2024-06-03 05:32:53','2024-06-03 05:32:53'),(617,10000.00,'Transfer Sheets',56,'http://dummyimage.com/1000x1000.png/ff4444/ffffff','2024-06-03 05:32:53','2024-06-03 05:32:53'),(618,20000.00,'Beef - Tenderloin Tails',19,'http://dummyimage.com/1000x1000.png/cc0000/ffffff','2024-06-03 05:32:53','2024-06-03 05:32:53'),(619,90000.00,'Yeast Dry - Fleischman',97,'http://dummyimage.com/1000x1000.png/ff4444/ffffff','2024-06-03 05:32:53','2024-06-03 05:32:53'),(620,80000.00,'Cassis',13,'http://dummyimage.com/1000x1000.png/5fa2dd/ffffff','2024-06-03 05:32:53','2024-06-03 05:32:53'),(621,70000.00,'Dip - Tapenade',41,'http://dummyimage.com/1000x1000.png/ff4444/ffffff','2024-06-03 05:32:53','2024-06-03 05:32:53'),(622,80000.00,'Gatorade - Cool Blue Raspberry',76,'http://dummyimage.com/1000x1000.png/cc0000/ffffff','2024-06-03 05:32:53','2024-06-03 05:32:53'),(623,70000.00,'Sauce - Roasted Red Pepper',48,'http://dummyimage.com/1000x1000.png/dddddd/000000','2024-06-03 05:32:53','2024-06-03 05:32:53'),(624,20000.00,'Pie Shells 10',85,'http://dummyimage.com/1000x1000.png/cc0000/ffffff','2024-06-03 05:32:53','2024-06-03 05:32:53'),(625,30000.00,'Flax Seed',42,'http://dummyimage.com/1000x1000.png/5fa2dd/ffffff','2024-06-03 05:32:53','2024-06-03 05:32:53'),(626,30000.00,'Pork - Backfat',57,'http://dummyimage.com/1000x1000.png/dddddd/000000','2024-06-03 05:32:53','2024-06-03 05:32:53'),(627,90000.00,'Bay Leaf Ground',7,'http://dummyimage.com/1000x1000.png/cc0000/ffffff','2024-06-03 05:32:53','2024-06-03 05:32:53'),(628,70000.00,'Potatoes - Instant, Mashed',96,'http://dummyimage.com/1000x1000.png/5fa2dd/ffffff','2024-06-03 05:32:53','2024-06-03 05:32:53'),(629,50000.00,'Dates',44,'http://dummyimage.com/1000x1000.png/dddddd/000000','2024-06-03 05:32:53','2024-06-03 05:32:53'),(630,30000.00,'Chestnuts - Whole,canned',7,'http://dummyimage.com/1000x1000.png/cc0000/ffffff','2024-06-03 05:32:53','2024-06-03 05:32:53'),(631,30000.00,'Pork - Back Ribs',11,'http://dummyimage.com/1000x1000.png/cc0000/ffffff','2024-06-03 05:32:53','2024-06-03 05:32:53'),(632,10000.00,'Glucose',18,'http://dummyimage.com/1000x1000.png/5fa2dd/ffffff','2024-06-03 05:32:53','2024-06-03 05:32:53'),(633,50000.00,'Cornflakes',46,'http://dummyimage.com/1000x1000.png/5fa2dd/ffffff','2024-06-03 05:32:53','2024-06-03 05:32:53'),(634,30000.00,'Chutney Sauce',44,'http://dummyimage.com/1000x1000.png/dddddd/000000','2024-06-03 05:32:53','2024-06-03 05:32:53'),(635,20000.00,'Beans - French',84,'http://dummyimage.com/1000x1000.png/ff4444/ffffff','2024-06-03 05:32:53','2024-06-03 05:32:53'),(636,20000.00,'Cream - 35%',63,'http://dummyimage.com/1000x1000.png/ff4444/ffffff','2024-06-03 05:32:53','2024-06-03 05:32:53'),(637,100000.00,'Salmon - Canned',78,'http://dummyimage.com/1000x1000.png/cc0000/ffffff','2024-06-03 05:32:53','2024-06-03 05:32:53'),(638,40000.00,'Quail - Whole, Bone - In',8,'http://dummyimage.com/1000x1000.png/ff4444/ffffff','2024-06-03 05:32:53','2024-06-03 05:32:53'),(639,70000.00,'Table Cloth 81x81 Colour',72,'http://dummyimage.com/1000x1000.png/ff4444/ffffff','2024-06-03 05:32:53','2024-06-03 05:32:53'),(640,30000.00,'Salmon Atl.whole 8 - 10 Lb',40,'http://dummyimage.com/1000x1000.png/cc0000/ffffff','2024-06-03 05:32:53','2024-06-03 05:32:53'),(641,100000.00,'Butter Sweet',40,'http://dummyimage.com/1000x1000.png/dddddd/000000','2024-06-03 05:32:53','2024-06-03 05:32:53'),(642,10000.00,'Cake - Miini Cheesecake Cherry',51,'http://dummyimage.com/1000x1000.png/5fa2dd/ffffff','2024-06-03 05:32:53','2024-06-03 05:32:53'),(643,40000.00,'Pastry - Chocolate Chip Muffin',28,'http://dummyimage.com/1000x1000.png/ff4444/ffffff','2024-06-03 05:32:53','2024-06-03 05:32:53'),(644,60000.00,'Cheese - Brie, Triple Creme',57,'http://dummyimage.com/1000x1000.png/cc0000/ffffff','2024-06-03 05:32:53','2024-06-03 05:32:53'),(645,20000.00,'Appetizer - Sausage Rolls',72,'http://dummyimage.com/1000x1000.png/dddddd/000000','2024-06-03 05:32:53','2024-06-03 05:32:53'),(646,60000.00,'Soup - Campbells Mushroom',61,'http://dummyimage.com/1000x1000.png/dddddd/000000','2024-06-03 05:32:53','2024-06-03 05:32:53'),(647,40000.00,'Puree - Raspberry',48,'http://dummyimage.com/1000x1000.png/5fa2dd/ffffff','2024-06-03 05:32:53','2024-06-03 05:32:53'),(648,20000.00,'Beef - Rib Roast, Capless',4,'http://dummyimage.com/1000x1000.png/cc0000/ffffff','2024-06-03 05:32:53','2024-06-03 05:32:53'),(649,50000.00,'Squash - Guords',22,'http://dummyimage.com/1000x1000.png/dddddd/000000','2024-06-03 05:32:53','2024-06-03 05:32:53'),(650,100000.00,'Veal - Slab Bacon',95,'http://dummyimage.com/1000x1000.png/cc0000/ffffff','2024-06-03 05:32:53','2024-06-03 05:32:53'),(651,20000.00,'Pasta - Detalini, White, Fresh',50,'http://dummyimage.com/1000x1000.png/cc0000/ffffff','2024-06-03 05:32:53','2024-06-03 05:32:53'),(652,50000.00,'Wine - Alsace Gewurztraminer',5,'http://dummyimage.com/1000x1000.png/cc0000/ffffff','2024-06-03 05:32:53','2024-06-03 05:32:53'),(653,90000.00,'Jameson Irish Whiskey',81,'http://dummyimage.com/1000x1000.png/ff4444/ffffff','2024-06-03 05:32:53','2024-06-03 05:32:53'),(654,90000.00,'Beef Flat Iron Steak',23,'http://dummyimage.com/1000x1000.png/ff4444/ffffff','2024-06-03 05:32:53','2024-06-03 05:32:53'),(655,100000.00,'Seedlings - Mix, Organic',59,'http://dummyimage.com/1000x1000.png/5fa2dd/ffffff','2024-06-03 05:32:53','2024-06-03 05:32:53'),(656,30000.00,'Garlic Powder',71,'http://dummyimage.com/1000x1000.png/ff4444/ffffff','2024-06-03 05:32:53','2024-06-03 05:32:53'),(657,20000.00,'Bar Mix - Lime',16,'http://dummyimage.com/1000x1000.png/5fa2dd/ffffff','2024-06-03 05:32:53','2024-06-03 05:32:53'),(658,80000.00,'Coffee - Egg Nog Capuccino',39,'http://dummyimage.com/1000x1000.png/cc0000/ffffff','2024-06-03 05:32:53','2024-06-03 05:32:53'),(659,30000.00,'Quail - Jumbo',25,'http://dummyimage.com/1000x1000.png/ff4444/ffffff','2024-06-03 05:32:53','2024-06-03 05:32:53'),(660,80000.00,'Wine - Riesling Dr. Pauly',1,'http://dummyimage.com/1000x1000.png/cc0000/ffffff','2024-06-03 05:32:53','2024-06-03 05:32:53'),(661,10000.00,'Buffalo - Tenderloin',11,'http://dummyimage.com/1000x1000.png/5fa2dd/ffffff','2024-06-03 05:32:53','2024-06-03 05:32:53'),(662,40000.00,'Pepper - Pablano',23,'http://dummyimage.com/1000x1000.png/5fa2dd/ffffff','2024-06-03 05:32:53','2024-06-03 05:32:53'),(663,60000.00,'Snapple Raspberry Tea',23,'http://dummyimage.com/1000x1000.png/dddddd/000000','2024-06-03 05:32:53','2024-06-03 05:32:53'),(664,30000.00,'Sauce - Hoisin',35,'http://dummyimage.com/1000x1000.png/ff4444/ffffff','2024-06-03 05:32:53','2024-06-03 05:32:53'),(665,40000.00,'Gatorade - Orange',6,'http://dummyimage.com/1000x1000.png/ff4444/ffffff','2024-06-03 05:32:53','2024-06-03 05:32:53'),(666,30000.00,'Wine - Chardonnay South',64,'http://dummyimage.com/1000x1000.png/cc0000/ffffff','2024-06-03 05:32:53','2024-06-03 05:32:53'),(667,80000.00,'Cream - 35%',11,'http://dummyimage.com/1000x1000.png/dddddd/000000','2024-06-03 05:32:53','2024-06-03 05:32:53'),(668,90000.00,'Appetizer - Mini Egg Roll, Shrimp',11,'http://dummyimage.com/1000x1000.png/cc0000/ffffff','2024-06-03 05:32:53','2024-06-03 05:32:53'),(669,10000.00,'Tart Shells - Savory, 2',94,'http://dummyimage.com/1000x1000.png/cc0000/ffffff','2024-06-03 05:32:53','2024-06-03 05:32:53'),(670,10000.00,'Nut - Pumpkin Seeds',53,'http://dummyimage.com/1000x1000.png/5fa2dd/ffffff','2024-06-03 05:32:53','2024-06-03 05:32:53'),(671,90000.00,'Broom Handle',36,'http://dummyimage.com/1000x1000.png/ff4444/ffffff','2024-06-03 05:32:53','2024-06-03 05:32:53'),(672,100000.00,'Pasta - Lasagna Noodle, Frozen',30,'http://dummyimage.com/1000x1000.png/ff4444/ffffff','2024-06-03 05:32:53','2024-06-03 05:32:53'),(673,10000.00,'Mousse - Passion Fruit',52,'http://dummyimage.com/1000x1000.png/5fa2dd/ffffff','2024-06-03 05:32:53','2024-06-03 05:32:53'),(674,50000.00,'Bread - French Baquette',52,'http://dummyimage.com/1000x1000.png/5fa2dd/ffffff','2024-06-03 05:32:53','2024-06-03 05:32:53'),(675,20000.00,'Wine - Clavet Saint Emilion',87,'http://dummyimage.com/1000x1000.png/cc0000/ffffff','2024-06-03 05:32:53','2024-06-03 05:32:53'),(676,50000.00,'Chicken Giblets',53,'http://dummyimage.com/1000x1000.png/cc0000/ffffff','2024-06-03 05:32:53','2024-06-03 05:32:53'),(677,30000.00,'Muffin Mix - Chocolate Chip',49,'http://dummyimage.com/1000x1000.png/cc0000/ffffff','2024-06-03 05:32:53','2024-06-03 05:32:53'),(678,20000.00,'Bread - Roll, Whole Wheat',10,'http://dummyimage.com/1000x1000.png/5fa2dd/ffffff','2024-06-03 05:32:53','2024-06-03 05:32:53'),(679,50000.00,'Soup - French Onion, Dry',67,'http://dummyimage.com/1000x1000.png/dddddd/000000','2024-06-03 05:32:53','2024-06-03 05:32:53'),(680,90000.00,'Spinach - Packaged',41,'http://dummyimage.com/1000x1000.png/dddddd/000000','2024-06-03 05:32:53','2024-06-03 05:32:53'),(681,50000.00,'Cornish Hen',33,'http://dummyimage.com/1000x1000.png/cc0000/ffffff','2024-06-03 05:32:53','2024-06-03 05:32:53'),(682,30000.00,'Crush - Grape, 355 Ml',30,'http://dummyimage.com/1000x1000.png/ff4444/ffffff','2024-06-03 05:32:53','2024-06-03 05:32:53'),(683,40000.00,'Pastry - Banana Muffin - Mini',99,'http://dummyimage.com/1000x1000.png/dddddd/000000','2024-06-03 05:32:53','2024-06-03 05:32:53'),(684,100000.00,'Ecolab - Balanced Fusion',73,'http://dummyimage.com/1000x1000.png/dddddd/000000','2024-06-03 05:32:53','2024-06-03 05:32:53'),(685,50000.00,'Five Alive Citrus',79,'http://dummyimage.com/1000x1000.png/cc0000/ffffff','2024-06-03 05:32:53','2024-06-03 05:32:53'),(686,20000.00,'Eel - Smoked',53,'http://dummyimage.com/1000x1000.png/dddddd/000000','2024-06-03 05:32:53','2024-06-03 05:32:53'),(687,80000.00,'Pineapple - Canned, Rings',82,'http://dummyimage.com/1000x1000.png/ff4444/ffffff','2024-06-03 05:32:53','2024-06-03 05:32:53'),(688,90000.00,'Salmon - Fillets',89,'http://dummyimage.com/1000x1000.png/dddddd/000000','2024-06-03 05:32:53','2024-06-03 05:32:53'),(689,80000.00,'Flour - Bran, Red',29,'http://dummyimage.com/1000x1000.png/dddddd/000000','2024-06-03 05:32:53','2024-06-03 05:32:53'),(690,100000.00,'Pears - Bosc',63,'http://dummyimage.com/1000x1000.png/ff4444/ffffff','2024-06-03 05:32:53','2024-06-03 05:32:53'),(691,90000.00,'Pepsi - Diet, 355 Ml',3,'http://dummyimage.com/1000x1000.png/cc0000/ffffff','2024-06-03 05:32:53','2024-06-03 05:32:53'),(692,30000.00,'Beets - Candy Cane, Organic',96,'http://dummyimage.com/1000x1000.png/cc0000/ffffff','2024-06-03 05:32:53','2024-06-03 05:32:53'),(693,40000.00,'Lamb - Whole Head Off',5,'http://dummyimage.com/1000x1000.png/dddddd/000000','2024-06-03 05:32:53','2024-06-03 05:32:53'),(694,90000.00,'Sambuca - Ramazzotti',88,'http://dummyimage.com/1000x1000.png/cc0000/ffffff','2024-06-03 05:32:53','2024-06-03 05:32:53'),(695,50000.00,'Steampan Lid',67,'http://dummyimage.com/1000x1000.png/dddddd/000000','2024-06-03 05:32:53','2024-06-03 05:32:53'),(696,40000.00,'Bread - 10 Grain Parisian',31,'http://dummyimage.com/1000x1000.png/ff4444/ffffff','2024-06-03 05:32:53','2024-06-03 05:32:53'),(697,80000.00,'Cheese - Swiss',5,'http://dummyimage.com/1000x1000.png/cc0000/ffffff','2024-06-03 05:32:53','2024-06-03 05:32:53'),(698,100000.00,'Wine - Bouchard La Vignee Pinot',65,'http://dummyimage.com/1000x1000.png/ff4444/ffffff','2024-06-03 05:32:53','2024-06-03 05:32:53'),(699,50000.00,'Soup - Base Broth Beef',15,'http://dummyimage.com/1000x1000.png/ff4444/ffffff','2024-06-03 05:32:53','2024-06-03 05:32:53'),(700,50000.00,'Soy Protein',71,'http://dummyimage.com/1000x1000.png/cc0000/ffffff','2024-06-03 05:32:53','2024-06-03 05:32:53'),(701,10000.00,'Wine - White, Lindemans Bin 95',65,'http://dummyimage.com/1000x1000.png/5fa2dd/ffffff','2024-06-03 05:32:53','2024-06-03 05:32:53'),(702,100000.00,'Bread Crumbs - Panko',39,'http://dummyimage.com/1000x1000.png/dddddd/000000','2024-06-03 05:32:53','2024-06-03 05:32:53'),(703,90000.00,'Sparkling Wine - Rose, Freixenet',69,'http://dummyimage.com/1000x1000.png/cc0000/ffffff','2024-06-03 05:32:53','2024-06-03 05:32:53'),(704,30000.00,'Capicola - Hot',30,'http://dummyimage.com/1000x1000.png/dddddd/000000','2024-06-03 05:32:53','2024-06-03 05:32:53'),(705,70000.00,'Wine - Casillero Del Diablo',54,'http://dummyimage.com/1000x1000.png/5fa2dd/ffffff','2024-06-03 05:32:53','2024-06-03 05:32:53'),(706,10000.00,'Rice - 7 Grain Blend',68,'http://dummyimage.com/1000x1000.png/dddddd/000000','2024-06-03 05:32:53','2024-06-03 05:32:53'),(707,60000.00,'Foam Dinner Plate',50,'http://dummyimage.com/1000x1000.png/cc0000/ffffff','2024-06-03 05:32:53','2024-06-03 05:32:53'),(708,50000.00,'Strawberries - California',51,'http://dummyimage.com/1000x1000.png/5fa2dd/ffffff','2024-06-03 05:32:53','2024-06-03 05:32:53'),(709,10000.00,'Veal - Liver',29,'http://dummyimage.com/1000x1000.png/cc0000/ffffff','2024-06-03 05:32:53','2024-06-03 05:32:53'),(710,40000.00,'Yoghurt Tubes',52,'http://dummyimage.com/1000x1000.png/dddddd/000000','2024-06-03 05:32:53','2024-06-03 05:32:53'),(711,90000.00,'Irish Cream - Butterscotch',62,'http://dummyimage.com/1000x1000.png/ff4444/ffffff','2024-06-03 05:32:53','2024-06-03 05:32:53'),(712,100000.00,'Wine - Magnotta - Pinot Gris Sr',52,'http://dummyimage.com/1000x1000.png/ff4444/ffffff','2024-06-03 05:32:53','2024-06-03 05:32:53'),(713,60000.00,'Water - Mineral, Carbonated',46,'http://dummyimage.com/1000x1000.png/ff4444/ffffff','2024-06-03 05:32:53','2024-06-03 05:32:53'),(714,60000.00,'Cake - Sheet Strawberry',24,'http://dummyimage.com/1000x1000.png/dddddd/000000','2024-06-03 05:32:53','2024-06-03 05:32:53'),(715,100000.00,'Puree - Guava',76,'http://dummyimage.com/1000x1000.png/5fa2dd/ffffff','2024-06-03 05:32:53','2024-06-03 05:32:53'),(716,50000.00,'Higashimaru Usukuchi Soy',24,'http://dummyimage.com/1000x1000.png/cc0000/ffffff','2024-06-03 05:32:53','2024-06-03 05:32:53'),(717,60000.00,'Lettuce - Mini Greens, Whole',19,'http://dummyimage.com/1000x1000.png/5fa2dd/ffffff','2024-06-03 05:32:53','2024-06-03 05:32:53'),(718,40000.00,'Sobe - Tropical Energy',37,'http://dummyimage.com/1000x1000.png/ff4444/ffffff','2024-06-03 05:32:53','2024-06-03 05:32:53'),(719,100000.00,'Oil - Olive Bertolli',28,'http://dummyimage.com/1000x1000.png/ff4444/ffffff','2024-06-03 05:32:53','2024-06-03 05:32:53'),(720,80000.00,'Seedlings - Mix, Organic',67,'http://dummyimage.com/1000x1000.png/dddddd/000000','2024-06-03 05:32:53','2024-06-03 05:32:53'),(721,30000.00,'Jameson - Irish Whiskey',48,'http://dummyimage.com/1000x1000.png/dddddd/000000','2024-06-03 05:32:53','2024-06-03 05:32:53'),(722,10000.00,'Lamb - Shoulder',29,'http://dummyimage.com/1000x1000.png/dddddd/000000','2024-06-03 05:32:53','2024-06-03 05:32:53'),(723,50000.00,'Sauce - Oyster',14,'http://dummyimage.com/1000x1000.png/dddddd/000000','2024-06-03 05:32:53','2024-06-03 05:32:53'),(724,50000.00,'Oyster - In Shell',21,'http://dummyimage.com/1000x1000.png/ff4444/ffffff','2024-06-03 05:32:53','2024-06-03 05:32:53'),(725,10000.00,'Water - Spring Water, 355 Ml',60,'http://dummyimage.com/1000x1000.png/cc0000/ffffff','2024-06-03 05:32:53','2024-06-03 05:32:53'),(726,10000.00,'Flour - Pastry',34,'http://dummyimage.com/1000x1000.png/5fa2dd/ffffff','2024-06-03 05:32:53','2024-06-03 05:32:53'),(727,90000.00,'Compound - Passion Fruit',92,'http://dummyimage.com/1000x1000.png/5fa2dd/ffffff','2024-06-03 05:32:53','2024-06-03 05:32:53'),(728,30000.00,'Glaze - Clear',69,'http://dummyimage.com/1000x1000.png/dddddd/000000','2024-06-03 05:32:53','2024-06-03 05:32:53'),(729,100000.00,'Bread - Multigrain',23,'http://dummyimage.com/1000x1000.png/dddddd/000000','2024-06-03 05:32:53','2024-06-03 05:32:53'),(730,40000.00,'Yukon Jack',52,'http://dummyimage.com/1000x1000.png/5fa2dd/ffffff','2024-06-03 05:32:53','2024-06-03 05:32:53'),(731,40000.00,'Truffle Cups Green',54,'http://dummyimage.com/1000x1000.png/cc0000/ffffff','2024-06-03 05:32:53','2024-06-03 05:32:53'),(732,20000.00,'Muffin Mix - Chocolate Chip',26,'http://dummyimage.com/1000x1000.png/5fa2dd/ffffff','2024-06-03 05:32:53','2024-06-03 05:32:53'),(733,60000.00,'Orange - Canned, Mandarin',12,'http://dummyimage.com/1000x1000.png/5fa2dd/ffffff','2024-06-03 05:32:53','2024-06-03 05:32:53'),(734,30000.00,'Rabbit - Whole',11,'http://dummyimage.com/1000x1000.png/ff4444/ffffff','2024-06-03 05:32:53','2024-06-03 05:32:53'),(735,90000.00,'Chef Hat 25cm',12,'http://dummyimage.com/1000x1000.png/5fa2dd/ffffff','2024-06-03 05:32:53','2024-06-03 05:32:53'),(736,70000.00,'Pork - Caul Fat',92,'http://dummyimage.com/1000x1000.png/ff4444/ffffff','2024-06-03 05:32:53','2024-06-03 05:32:53'),(737,20000.00,'Blouse / Shirt / Sweater',24,'http://dummyimage.com/1000x1000.png/dddddd/000000','2024-06-03 05:32:53','2024-06-03 05:32:53'),(738,50000.00,'Beef - Outside, Round',20,'http://dummyimage.com/1000x1000.png/dddddd/000000','2024-06-03 05:32:53','2024-06-03 05:32:53'),(739,70000.00,'Pate - Cognac',90,'http://dummyimage.com/1000x1000.png/cc0000/ffffff','2024-06-03 05:32:53','2024-06-03 05:32:53'),(740,20000.00,'Rice - Aborio',7,'http://dummyimage.com/1000x1000.png/cc0000/ffffff','2024-06-03 05:32:53','2024-06-03 05:32:53'),(741,80000.00,'Bread - Malt',34,'http://dummyimage.com/1000x1000.png/5fa2dd/ffffff','2024-06-03 05:32:53','2024-06-03 05:32:53'),(742,70000.00,'Apple - Fuji',9,'http://dummyimage.com/1000x1000.png/dddddd/000000','2024-06-03 05:32:53','2024-06-03 05:32:53'),(743,50000.00,'Beef - Cow Feet Split',70,'http://dummyimage.com/1000x1000.png/dddddd/000000','2024-06-03 05:32:53','2024-06-03 05:32:53'),(744,30000.00,'Bread - Multigrain Oval',5,'http://dummyimage.com/1000x1000.png/cc0000/ffffff','2024-06-03 05:32:53','2024-06-03 05:32:53'),(745,60000.00,'Soup - Canadian Pea, Dry Mix',17,'http://dummyimage.com/1000x1000.png/cc0000/ffffff','2024-06-03 05:32:53','2024-06-03 05:32:53'),(746,30000.00,'Vinegar - White Wine',7,'http://dummyimage.com/1000x1000.png/dddddd/000000','2024-06-03 05:32:53','2024-06-03 05:32:53'),(747,90000.00,'Puree - Passion Fruit',65,'http://dummyimage.com/1000x1000.png/cc0000/ffffff','2024-06-03 05:32:53','2024-06-03 05:32:53'),(748,30000.00,'Dragon Fruit',59,'http://dummyimage.com/1000x1000.png/5fa2dd/ffffff','2024-06-03 05:32:53','2024-06-03 05:32:53'),(749,90000.00,'Tabasco Sauce, 2 Oz',99,'http://dummyimage.com/1000x1000.png/cc0000/ffffff','2024-06-03 05:32:53','2024-06-03 05:32:53'),(750,40000.00,'Pomegranates',64,'http://dummyimage.com/1000x1000.png/ff4444/ffffff','2024-06-03 05:32:53','2024-06-03 05:32:53'),(751,60000.00,'Cheese - Roquefort Pappillon',63,'http://dummyimage.com/1000x1000.png/dddddd/000000','2024-06-03 05:32:53','2024-06-03 05:32:53'),(752,70000.00,'Corn - Mini',85,'http://dummyimage.com/1000x1000.png/ff4444/ffffff','2024-06-03 05:32:53','2024-06-03 05:32:53'),(753,40000.00,'Sauce - Soy Low Sodium - 3.87l',40,'http://dummyimage.com/1000x1000.png/ff4444/ffffff','2024-06-03 05:32:53','2024-06-03 05:32:53'),(754,40000.00,'Jagermeister',65,'http://dummyimage.com/1000x1000.png/cc0000/ffffff','2024-06-03 05:32:53','2024-06-03 05:32:53'),(755,50000.00,'Irish Cream - Butterscotch',96,'http://dummyimage.com/1000x1000.png/cc0000/ffffff','2024-06-03 05:32:53','2024-06-03 05:32:53'),(756,10000.00,'Mushroom - Shitake, Fresh',49,'http://dummyimage.com/1000x1000.png/5fa2dd/ffffff','2024-06-03 05:32:53','2024-06-03 05:32:53'),(757,10000.00,'Wine - Stoneliegh Sauvignon',100,'http://dummyimage.com/1000x1000.png/cc0000/ffffff','2024-06-03 05:32:53','2024-06-03 05:32:53'),(758,20000.00,'Beer - Original Organic Lager',92,'http://dummyimage.com/1000x1000.png/cc0000/ffffff','2024-06-03 05:32:53','2024-06-03 05:32:53'),(759,80000.00,'General Purpose Trigger',49,'http://dummyimage.com/1000x1000.png/cc0000/ffffff','2024-06-03 05:32:53','2024-06-03 05:32:53'),(760,80000.00,'Food Colouring - Pink',55,'http://dummyimage.com/1000x1000.png/ff4444/ffffff','2024-06-03 05:32:53','2024-06-03 05:32:53'),(761,40000.00,'Pork - Tenderloin, Frozen',37,'http://dummyimage.com/1000x1000.png/cc0000/ffffff','2024-06-03 05:32:53','2024-06-03 05:32:53'),(762,70000.00,'Tea - Lemon Scented',42,'http://dummyimage.com/1000x1000.png/dddddd/000000','2024-06-03 05:32:53','2024-06-03 05:32:53'),(763,70000.00,'Sachet',19,'http://dummyimage.com/1000x1000.png/dddddd/000000','2024-06-03 05:32:53','2024-06-03 05:32:53'),(764,10000.00,'Appetizer - Mango Chevre',95,'http://dummyimage.com/1000x1000.png/ff4444/ffffff','2024-06-03 05:32:53','2024-06-03 05:32:53'),(765,60000.00,'Tuna - Bluefin',67,'http://dummyimage.com/1000x1000.png/ff4444/ffffff','2024-06-03 05:32:53','2024-06-03 05:32:53'),(766,30000.00,'Steel Wool',86,'http://dummyimage.com/1000x1000.png/cc0000/ffffff','2024-06-03 05:32:53','2024-06-03 05:32:53'),(767,100000.00,'Clam Nectar',1,'http://dummyimage.com/1000x1000.png/ff4444/ffffff','2024-06-03 05:32:53','2024-06-03 05:32:53'),(768,40000.00,'Cake - Sheet Strawberry',50,'http://dummyimage.com/1000x1000.png/5fa2dd/ffffff','2024-06-03 05:32:53','2024-06-03 05:32:53'),(769,30000.00,'Sour Puss - Tangerine',49,'http://dummyimage.com/1000x1000.png/ff4444/ffffff','2024-06-03 05:32:53','2024-06-03 05:32:53'),(770,100000.00,'Icecream - Dstk Super Cone',84,'http://dummyimage.com/1000x1000.png/cc0000/ffffff','2024-06-03 05:32:53','2024-06-03 05:32:53'),(771,30000.00,'Foil Cont Round',56,'http://dummyimage.com/1000x1000.png/5fa2dd/ffffff','2024-06-03 05:32:53','2024-06-03 05:32:53'),(772,40000.00,'Cheese - Mozzarella, Buffalo',12,'http://dummyimage.com/1000x1000.png/dddddd/000000','2024-06-03 05:32:53','2024-06-03 05:32:53'),(773,50000.00,'Fennel - Seeds',25,'http://dummyimage.com/1000x1000.png/dddddd/000000','2024-06-03 05:32:53','2024-06-03 05:32:53'),(774,10000.00,'Dr. Pepper - 355ml',71,'http://dummyimage.com/1000x1000.png/cc0000/ffffff','2024-06-03 05:32:53','2024-06-03 05:32:53'),(775,30000.00,'Lid Coffee Cup 8oz Blk',6,'http://dummyimage.com/1000x1000.png/ff4444/ffffff','2024-06-03 05:32:53','2024-06-03 05:32:53'),(776,80000.00,'Arctic Char - Fresh, Whole',22,'http://dummyimage.com/1000x1000.png/cc0000/ffffff','2024-06-03 05:32:53','2024-06-03 05:32:53'),(777,20000.00,'Pasta - Rotini, Colour, Dry',30,'http://dummyimage.com/1000x1000.png/cc0000/ffffff','2024-06-03 05:32:53','2024-06-03 05:32:53'),(778,80000.00,'Beef - Top Sirloin',48,'http://dummyimage.com/1000x1000.png/ff4444/ffffff','2024-06-03 05:32:53','2024-06-03 05:32:53'),(779,40000.00,'Pasta - Cappellini, Dry',36,'http://dummyimage.com/1000x1000.png/ff4444/ffffff','2024-06-03 05:32:53','2024-06-03 05:32:53'),(780,20000.00,'Pepper - Chili Powder',44,'http://dummyimage.com/1000x1000.png/ff4444/ffffff','2024-06-03 05:32:53','2024-06-03 05:32:53'),(781,10000.00,'Fish - Halibut, Cold Smoked',66,'http://dummyimage.com/1000x1000.png/ff4444/ffffff','2024-06-03 05:32:53','2024-06-03 05:32:53'),(782,40000.00,'Longan',20,'http://dummyimage.com/1000x1000.png/ff4444/ffffff','2024-06-03 05:32:53','2024-06-03 05:32:53'),(783,100000.00,'Sugar - Splenda Sweetener',82,'http://dummyimage.com/1000x1000.png/dddddd/000000','2024-06-03 05:32:53','2024-06-03 05:32:53'),(784,30000.00,'Sole - Dover, Whole, Fresh',4,'http://dummyimage.com/1000x1000.png/cc0000/ffffff','2024-06-03 05:32:53','2024-06-03 05:32:53'),(785,90000.00,'Veal - Leg',51,'http://dummyimage.com/1000x1000.png/dddddd/000000','2024-06-03 05:32:53','2024-06-03 05:32:53'),(786,30000.00,'Rice Wine - Aji Mirin',54,'http://dummyimage.com/1000x1000.png/ff4444/ffffff','2024-06-03 05:32:53','2024-06-03 05:32:53'),(787,100000.00,'Glaze - Apricot',73,'http://dummyimage.com/1000x1000.png/dddddd/000000','2024-06-03 05:32:53','2024-06-03 05:32:53'),(788,20000.00,'Coconut - Shredded, Sweet',5,'http://dummyimage.com/1000x1000.png/ff4444/ffffff','2024-06-03 05:32:53','2024-06-03 05:32:53'),(789,40000.00,'Wine - Saint - Bris 2002, Sauv',67,'http://dummyimage.com/1000x1000.png/ff4444/ffffff','2024-06-03 05:32:53','2024-06-03 05:32:53'),(790,80000.00,'The Pop Shoppe - Root Beer',18,'http://dummyimage.com/1000x1000.png/cc0000/ffffff','2024-06-03 05:32:53','2024-06-03 05:32:53'),(791,100000.00,'Zucchini - Green',28,'http://dummyimage.com/1000x1000.png/ff4444/ffffff','2024-06-03 05:32:53','2024-06-03 05:32:53'),(792,40000.00,'Cheese - Sheep Milk',32,'http://dummyimage.com/1000x1000.png/dddddd/000000','2024-06-03 05:32:53','2024-06-03 05:32:53'),(793,100000.00,'Loquat',61,'http://dummyimage.com/1000x1000.png/dddddd/000000','2024-06-03 05:32:53','2024-06-03 05:32:53'),(794,80000.00,'Longos - Grilled Salmon With Bbq',11,'http://dummyimage.com/1000x1000.png/ff4444/ffffff','2024-06-03 05:32:53','2024-06-03 05:32:53'),(795,20000.00,'Crab - Blue, Frozen',10,'http://dummyimage.com/1000x1000.png/ff4444/ffffff','2024-06-03 05:32:53','2024-06-03 05:32:53'),(796,40000.00,'Chocolate - Pistoles, Lactee, Milk',94,'http://dummyimage.com/1000x1000.png/ff4444/ffffff','2024-06-03 05:32:53','2024-06-03 05:32:53'),(797,100000.00,'Chutney Sauce - Mango',95,'http://dummyimage.com/1000x1000.png/dddddd/000000','2024-06-03 05:32:53','2024-06-03 05:32:53'),(798,40000.00,'Broom Handle',74,'http://dummyimage.com/1000x1000.png/dddddd/000000','2024-06-03 05:32:53','2024-06-03 05:32:53'),(799,10000.00,'Beans - Black Bean, Dry',1,'http://dummyimage.com/1000x1000.png/ff4444/ffffff','2024-06-03 05:32:53','2024-06-03 05:32:53'),(800,80000.00,'Bananas',66,'http://dummyimage.com/1000x1000.png/cc0000/ffffff','2024-06-03 05:32:53','2024-06-03 05:32:53'),(801,20000.00,'Sugar - Crumb',55,'http://dummyimage.com/1000x1000.png/ff4444/ffffff','2024-06-03 05:32:53','2024-06-03 05:32:53'),(802,30000.00,'Cookie Dough - Chunky',25,'http://dummyimage.com/1000x1000.png/ff4444/ffffff','2024-06-03 05:32:53','2024-06-03 05:32:53'),(803,70000.00,'Compound - Pear',75,'http://dummyimage.com/1000x1000.png/5fa2dd/ffffff','2024-06-03 05:32:53','2024-06-03 05:32:53'),(804,10000.00,'Beer - Corona',11,'http://dummyimage.com/1000x1000.png/cc0000/ffffff','2024-06-03 05:32:53','2024-06-03 05:32:53'),(805,80000.00,'Puree - Guava',78,'http://dummyimage.com/1000x1000.png/ff4444/ffffff','2024-06-03 05:32:53','2024-06-03 05:32:53'),(806,70000.00,'Clam Nectar',56,'http://dummyimage.com/1000x1000.png/ff4444/ffffff','2024-06-03 05:32:53','2024-06-03 05:32:53'),(807,10000.00,'Melon - Watermelon Yellow',94,'http://dummyimage.com/1000x1000.png/5fa2dd/ffffff','2024-06-03 05:32:53','2024-06-03 05:32:53'),(808,80000.00,'Pasta - Elbows, Macaroni, Dry',100,'http://dummyimage.com/1000x1000.png/dddddd/000000','2024-06-03 05:32:53','2024-06-03 05:32:53'),(809,90000.00,'Cut Wakame - Hanawakaba',48,'http://dummyimage.com/1000x1000.png/5fa2dd/ffffff','2024-06-03 05:32:53','2024-06-03 05:32:53'),(810,60000.00,'Wine - White, Pelee Island',84,'http://dummyimage.com/1000x1000.png/cc0000/ffffff','2024-06-03 05:32:53','2024-06-03 05:32:53'),(811,20000.00,'Arrowroot',62,'http://dummyimage.com/1000x1000.png/cc0000/ffffff','2024-06-03 05:32:53','2024-06-03 05:32:53'),(812,10000.00,'Baking Soda',36,'http://dummyimage.com/1000x1000.png/dddddd/000000','2024-06-03 05:32:53','2024-06-03 05:32:53'),(813,80000.00,'Macaroons - Two Bite Choc',43,'http://dummyimage.com/1000x1000.png/ff4444/ffffff','2024-06-03 05:32:53','2024-06-03 05:32:53'),(814,30000.00,'Bread - Crumbs, Bulk',43,'http://dummyimage.com/1000x1000.png/cc0000/ffffff','2024-06-03 05:32:53','2024-06-03 05:32:53'),(815,20000.00,'Cookie - Oatmeal',14,'http://dummyimage.com/1000x1000.png/5fa2dd/ffffff','2024-06-03 05:32:53','2024-06-03 05:32:53'),(816,90000.00,'Lemon Balm - Fresh',12,'http://dummyimage.com/1000x1000.png/dddddd/000000','2024-06-03 05:32:53','2024-06-03 05:32:53'),(817,80000.00,'Pork - Sausage Casing',89,'http://dummyimage.com/1000x1000.png/5fa2dd/ffffff','2024-06-03 05:32:53','2024-06-03 05:32:53'),(818,40000.00,'Pasta - Agnolotti - Butternut',6,'http://dummyimage.com/1000x1000.png/cc0000/ffffff','2024-06-03 05:32:53','2024-06-03 05:32:53'),(819,90000.00,'Turnip - White',34,'http://dummyimage.com/1000x1000.png/ff4444/ffffff','2024-06-03 05:32:53','2024-06-03 05:32:53'),(820,70000.00,'Salmon Steak - Cohoe 6 Oz',81,'http://dummyimage.com/1000x1000.png/ff4444/ffffff','2024-06-03 05:32:53','2024-06-03 05:32:53'),(821,40000.00,'Wine - Hardys Bankside Shiraz',28,'http://dummyimage.com/1000x1000.png/dddddd/000000','2024-06-03 05:32:53','2024-06-03 05:32:53'),(822,10000.00,'Wine - Shiraz Wolf Blass Premium',26,'http://dummyimage.com/1000x1000.png/ff4444/ffffff','2024-06-03 05:32:53','2024-06-03 05:32:53'),(823,60000.00,'Sambuca - Ramazzotti',17,'http://dummyimage.com/1000x1000.png/cc0000/ffffff','2024-06-03 05:32:53','2024-06-03 05:32:53'),(824,60000.00,'Duck - Legs',86,'http://dummyimage.com/1000x1000.png/cc0000/ffffff','2024-06-03 05:32:53','2024-06-03 05:32:53'),(825,50000.00,'Mousse - Passion Fruit',2,'http://dummyimage.com/1000x1000.png/cc0000/ffffff','2024-06-03 05:32:53','2024-06-03 05:32:53'),(826,40000.00,'Chicken - Whole Roasting',45,'http://dummyimage.com/1000x1000.png/cc0000/ffffff','2024-06-03 05:32:53','2024-06-03 05:32:53'),(827,30000.00,'Tart Shells - Sweet, 3',44,'http://dummyimage.com/1000x1000.png/5fa2dd/ffffff','2024-06-03 05:32:53','2024-06-03 05:32:53'),(828,80000.00,'Pasta - Lasagna Noodle, Frozen',38,'http://dummyimage.com/1000x1000.png/dddddd/000000','2024-06-03 05:32:53','2024-06-03 05:32:53'),(829,90000.00,'Sprouts - Peppercress',66,'http://dummyimage.com/1000x1000.png/ff4444/ffffff','2024-06-03 05:32:53','2024-06-03 05:32:53'),(830,20000.00,'Glass - Wine, Plastic, Clear 5 Oz',8,'http://dummyimage.com/1000x1000.png/cc0000/ffffff','2024-06-03 05:32:53','2024-06-03 05:32:53'),(831,40000.00,'Sobe - Green Tea',76,'http://dummyimage.com/1000x1000.png/ff4444/ffffff','2024-06-03 05:32:53','2024-06-03 05:32:53'),(832,60000.00,'Syrup - Monin - Granny Smith',45,'http://dummyimage.com/1000x1000.png/dddddd/000000','2024-06-03 05:32:53','2024-06-03 05:32:53'),(833,20000.00,'Guinea Fowl',86,'http://dummyimage.com/1000x1000.png/cc0000/ffffff','2024-06-03 05:32:53','2024-06-03 05:32:53'),(834,80000.00,'Gin - Gilbeys London, Dry',41,'http://dummyimage.com/1000x1000.png/5fa2dd/ffffff','2024-06-03 05:32:53','2024-06-03 05:32:53'),(835,70000.00,'Wine - Zinfandel Rosenblum',28,'http://dummyimage.com/1000x1000.png/dddddd/000000','2024-06-03 05:32:53','2024-06-03 05:32:53'),(836,100000.00,'Soup Bowl Clear 8oz92008',51,'http://dummyimage.com/1000x1000.png/5fa2dd/ffffff','2024-06-03 05:32:53','2024-06-03 05:32:53'),(837,40000.00,'Kellogs Special K Cereal',90,'http://dummyimage.com/1000x1000.png/cc0000/ffffff','2024-06-03 05:32:53','2024-06-03 05:32:53'),(838,40000.00,'Appetizer - Mushroom Tart',23,'http://dummyimage.com/1000x1000.png/5fa2dd/ffffff','2024-06-03 05:32:53','2024-06-03 05:32:53'),(839,80000.00,'Oil - Pumpkinseed',97,'http://dummyimage.com/1000x1000.png/ff4444/ffffff','2024-06-03 05:32:53','2024-06-03 05:32:53'),(840,80000.00,'Bread - Raisin',50,'http://dummyimage.com/1000x1000.png/cc0000/ffffff','2024-06-03 05:32:53','2024-06-03 05:32:53'),(841,10000.00,'Goat - Whole Cut',31,'http://dummyimage.com/1000x1000.png/ff4444/ffffff','2024-06-03 05:32:53','2024-06-03 05:32:53'),(842,10000.00,'Lobster - Canned Premium',48,'http://dummyimage.com/1000x1000.png/ff4444/ffffff','2024-06-03 05:32:53','2024-06-03 05:32:53'),(843,10000.00,'Tuna - Fresh',46,'http://dummyimage.com/1000x1000.png/dddddd/000000','2024-06-03 05:32:53','2024-06-03 05:32:53'),(844,20000.00,'Tuna - Yellowfin',54,'http://dummyimage.com/1000x1000.png/cc0000/ffffff','2024-06-03 05:32:53','2024-06-03 05:32:53'),(845,20000.00,'Bread - Raisin Walnut Oval',37,'http://dummyimage.com/1000x1000.png/cc0000/ffffff','2024-06-03 05:32:53','2024-06-03 05:32:53'),(846,50000.00,'Cake - Cake Sheet Macaroon',64,'http://dummyimage.com/1000x1000.png/5fa2dd/ffffff','2024-06-03 05:32:53','2024-06-03 05:32:53'),(847,100000.00,'Wine - Redchard Merritt',87,'http://dummyimage.com/1000x1000.png/cc0000/ffffff','2024-06-03 05:32:53','2024-06-03 05:32:53'),(848,80000.00,'Chinese Lemon Pork',99,'http://dummyimage.com/1000x1000.png/5fa2dd/ffffff','2024-06-03 05:32:53','2024-06-03 05:32:53'),(849,60000.00,'Cheese - Havarti, Salsa',28,'http://dummyimage.com/1000x1000.png/cc0000/ffffff','2024-06-03 05:32:53','2024-06-03 05:32:53'),(850,70000.00,'Fork - Plastic',98,'http://dummyimage.com/1000x1000.png/cc0000/ffffff','2024-06-03 05:32:53','2024-06-03 05:32:53'),(851,80000.00,'Hickory Smoke, Liquid',98,'http://dummyimage.com/1000x1000.png/cc0000/ffffff','2024-06-03 05:32:53','2024-06-03 05:32:53'),(852,60000.00,'Paste - Black Olive',54,'http://dummyimage.com/1000x1000.png/ff4444/ffffff','2024-06-03 05:32:53','2024-06-03 05:32:53'),(853,70000.00,'Wine - White, French Cross',38,'http://dummyimage.com/1000x1000.png/dddddd/000000','2024-06-03 05:32:53','2024-06-03 05:32:53'),(854,60000.00,'Plasticknivesblack',88,'http://dummyimage.com/1000x1000.png/ff4444/ffffff','2024-06-03 05:32:53','2024-06-03 05:32:53'),(855,90000.00,'Plastic Arrow Stir Stick',69,'http://dummyimage.com/1000x1000.png/dddddd/000000','2024-06-03 05:32:53','2024-06-03 05:32:53'),(856,90000.00,'Olives - Stuffed',60,'http://dummyimage.com/1000x1000.png/5fa2dd/ffffff','2024-06-03 05:32:53','2024-06-03 05:32:53'),(857,70000.00,'Rice - Long Grain',24,'http://dummyimage.com/1000x1000.png/dddddd/000000','2024-06-03 05:32:53','2024-06-03 05:32:53'),(858,40000.00,'Longos - Grilled Chicken With',95,'http://dummyimage.com/1000x1000.png/dddddd/000000','2024-06-03 05:32:53','2024-06-03 05:32:53'),(859,10000.00,'Pineapple - Regular',36,'http://dummyimage.com/1000x1000.png/cc0000/ffffff','2024-06-03 05:32:53','2024-06-03 05:32:53'),(860,30000.00,'Halibut - Fletches',55,'http://dummyimage.com/1000x1000.png/ff4444/ffffff','2024-06-03 05:32:53','2024-06-03 05:32:53'),(861,90000.00,'Trueblue - Blueberry',35,'http://dummyimage.com/1000x1000.png/ff4444/ffffff','2024-06-03 05:32:53','2024-06-03 05:32:53'),(862,20000.00,'Coffee - Decaffeinato Coffee',51,'http://dummyimage.com/1000x1000.png/5fa2dd/ffffff','2024-06-03 05:32:53','2024-06-03 05:32:53'),(863,20000.00,'Bonito Flakes - Toku Katsuo',18,'http://dummyimage.com/1000x1000.png/cc0000/ffffff','2024-06-03 05:32:53','2024-06-03 05:32:53'),(864,20000.00,'Oyster - In Shell',37,'http://dummyimage.com/1000x1000.png/5fa2dd/ffffff','2024-06-03 05:32:53','2024-06-03 05:32:53'),(865,100000.00,'Anchovy Fillets',1,'http://dummyimage.com/1000x1000.png/cc0000/ffffff','2024-06-03 05:32:53','2024-06-03 05:32:53'),(866,80000.00,'Chicken - Ground',88,'http://dummyimage.com/1000x1000.png/ff4444/ffffff','2024-06-03 05:32:53','2024-06-03 05:32:53'),(867,40000.00,'Skewers - Bamboo',23,'http://dummyimage.com/1000x1000.png/5fa2dd/ffffff','2024-06-03 05:32:53','2024-06-03 05:32:53'),(868,80000.00,'Veal - Inside Round / Top, Lean',61,'http://dummyimage.com/1000x1000.png/cc0000/ffffff','2024-06-03 05:32:53','2024-06-03 05:32:53'),(869,90000.00,'Laundry - Bag Cloth',16,'http://dummyimage.com/1000x1000.png/dddddd/000000','2024-06-03 05:32:53','2024-06-03 05:32:53'),(870,60000.00,'Wine - White, Concha Y Toro',92,'http://dummyimage.com/1000x1000.png/dddddd/000000','2024-06-03 05:32:53','2024-06-03 05:32:53'),(871,10000.00,'Puree - Blackcurrant',38,'http://dummyimage.com/1000x1000.png/dddddd/000000','2024-06-03 05:32:53','2024-06-03 05:32:53'),(872,20000.00,'Mix - Cocktail Strawberry Daiquiri',54,'http://dummyimage.com/1000x1000.png/5fa2dd/ffffff','2024-06-03 05:32:53','2024-06-03 05:32:53'),(873,70000.00,'Rye Special Old',94,'http://dummyimage.com/1000x1000.png/ff4444/ffffff','2024-06-03 05:32:53','2024-06-03 05:32:53'),(874,10000.00,'Alize Sunset',15,'http://dummyimage.com/1000x1000.png/cc0000/ffffff','2024-06-03 05:32:53','2024-06-03 05:32:53'),(875,90000.00,'Cheese - Parmesan Cubes',59,'http://dummyimage.com/1000x1000.png/cc0000/ffffff','2024-06-03 05:32:53','2024-06-03 05:32:53'),(876,100000.00,'Wine - White, Ej',82,'http://dummyimage.com/1000x1000.png/cc0000/ffffff','2024-06-03 05:32:53','2024-06-03 05:32:53'),(877,80000.00,'Carbonated Water - White Grape',11,'http://dummyimage.com/1000x1000.png/ff4444/ffffff','2024-06-03 05:32:53','2024-06-03 05:32:53'),(878,100000.00,'Pastry - French Mini Assorted',24,'http://dummyimage.com/1000x1000.png/cc0000/ffffff','2024-06-03 05:32:53','2024-06-03 05:32:53'),(879,70000.00,'Yogurt - Blueberry, 175 Gr',98,'http://dummyimage.com/1000x1000.png/dddddd/000000','2024-06-03 05:32:53','2024-06-03 05:32:53'),(880,20000.00,'Beer - Camerons Cream Ale',28,'http://dummyimage.com/1000x1000.png/5fa2dd/ffffff','2024-06-03 05:32:53','2024-06-03 05:32:53'),(881,50000.00,'Napkin White',70,'http://dummyimage.com/1000x1000.png/5fa2dd/ffffff','2024-06-03 05:32:53','2024-06-03 05:32:53'),(882,60000.00,'Bread - Roll, Calabrese',15,'http://dummyimage.com/1000x1000.png/cc0000/ffffff','2024-06-03 05:32:53','2024-06-03 05:32:53'),(883,30000.00,'Cheese - Boursin, Garlic / Herbs',51,'http://dummyimage.com/1000x1000.png/5fa2dd/ffffff','2024-06-03 05:32:53','2024-06-03 05:32:53'),(884,10000.00,'Mushroom - Porcini Frozen',89,'http://dummyimage.com/1000x1000.png/cc0000/ffffff','2024-06-03 05:32:53','2024-06-03 05:32:53'),(885,10000.00,'Filo Dough',30,'http://dummyimage.com/1000x1000.png/ff4444/ffffff','2024-06-03 05:32:53','2024-06-03 05:32:53'),(886,50000.00,'Cheese - Brie, Triple Creme',74,'http://dummyimage.com/1000x1000.png/5fa2dd/ffffff','2024-06-03 05:32:53','2024-06-03 05:32:53'),(887,10000.00,'Wine - Chardonnay Mondavi',86,'http://dummyimage.com/1000x1000.png/5fa2dd/ffffff','2024-06-03 05:32:53','2024-06-03 05:32:53'),(888,40000.00,'Lotus Root',61,'http://dummyimage.com/1000x1000.png/cc0000/ffffff','2024-06-03 05:32:53','2024-06-03 05:32:53'),(889,20000.00,'Onions - Cooking',98,'http://dummyimage.com/1000x1000.png/ff4444/ffffff','2024-06-03 05:32:53','2024-06-03 05:32:53'),(890,80000.00,'Sausage - Blood Pudding',39,'http://dummyimage.com/1000x1000.png/5fa2dd/ffffff','2024-06-03 05:32:53','2024-06-03 05:32:53'),(891,30000.00,'Cucumber - Pickling Ontario',63,'http://dummyimage.com/1000x1000.png/ff4444/ffffff','2024-06-03 05:32:53','2024-06-03 05:32:53'),(892,20000.00,'Bread - Roll, Calabrese',76,'http://dummyimage.com/1000x1000.png/5fa2dd/ffffff','2024-06-03 05:32:53','2024-06-03 05:32:53'),(893,70000.00,'Wine - Touraine Azay - Le - Rideau',36,'http://dummyimage.com/1000x1000.png/5fa2dd/ffffff','2024-06-03 05:32:53','2024-06-03 05:32:53'),(894,30000.00,'Beef - Tongue, Cooked',69,'http://dummyimage.com/1000x1000.png/cc0000/ffffff','2024-06-03 05:32:53','2024-06-03 05:32:53'),(895,100000.00,'Filter - Coffee',14,'http://dummyimage.com/1000x1000.png/cc0000/ffffff','2024-06-03 05:32:53','2024-06-03 05:32:53'),(896,50000.00,'Lentils - Green, Dry',98,'http://dummyimage.com/1000x1000.png/dddddd/000000','2024-06-03 05:32:53','2024-06-03 05:32:53'),(897,50000.00,'Beef Wellington',42,'http://dummyimage.com/1000x1000.png/5fa2dd/ffffff','2024-06-03 05:32:53','2024-06-03 05:32:53'),(898,70000.00,'Ham - Smoked, Bone - In',97,'http://dummyimage.com/1000x1000.png/5fa2dd/ffffff','2024-06-03 05:32:53','2024-06-03 05:32:53'),(899,80000.00,'Ecolab - Solid Fusion',63,'http://dummyimage.com/1000x1000.png/cc0000/ffffff','2024-06-03 05:32:53','2024-06-03 05:32:53'),(900,70000.00,'Bread - French Baquette',56,'http://dummyimage.com/1000x1000.png/5fa2dd/ffffff','2024-06-03 05:32:53','2024-06-03 05:32:53'),(901,20000.00,'Milk - Skim',57,'http://dummyimage.com/1000x1000.png/ff4444/ffffff','2024-06-03 05:32:53','2024-06-03 05:32:53'),(902,30000.00,'Gherkin - Sour',40,'http://dummyimage.com/1000x1000.png/cc0000/ffffff','2024-06-03 05:32:53','2024-06-03 05:32:53'),(903,70000.00,'Lettuce - Iceberg',77,'http://dummyimage.com/1000x1000.png/cc0000/ffffff','2024-06-03 05:32:53','2024-06-03 05:32:53'),(904,100000.00,'Ecolab Digiclean Mild Fm',67,'http://dummyimage.com/1000x1000.png/cc0000/ffffff','2024-06-03 05:32:53','2024-06-03 05:32:53'),(905,10000.00,'Beef Tenderloin Aaa',78,'http://dummyimage.com/1000x1000.png/dddddd/000000','2024-06-03 05:32:53','2024-06-03 05:32:53'),(906,90000.00,'Asparagus - White, Canned',83,'http://dummyimage.com/1000x1000.png/5fa2dd/ffffff','2024-06-03 05:32:53','2024-06-03 05:32:53'),(907,70000.00,'Puree - Mocha',78,'http://dummyimage.com/1000x1000.png/ff4444/ffffff','2024-06-03 05:32:53','2024-06-03 05:32:53'),(908,30000.00,'Veal - Nuckle',94,'http://dummyimage.com/1000x1000.png/5fa2dd/ffffff','2024-06-03 05:32:53','2024-06-03 05:32:53'),(909,10000.00,'Cauliflower',89,'http://dummyimage.com/1000x1000.png/ff4444/ffffff','2024-06-03 05:32:53','2024-06-03 05:32:53'),(910,50000.00,'Bread - Frozen Basket Variety',79,'http://dummyimage.com/1000x1000.png/5fa2dd/ffffff','2024-06-03 05:32:53','2024-06-03 05:32:53'),(911,80000.00,'Longos - Grilled Veg Sandwiches',1,'http://dummyimage.com/1000x1000.png/ff4444/ffffff','2024-06-03 05:32:53','2024-06-03 05:32:53'),(912,40000.00,'Wine - Vovray Sec Domaine Huet',50,'http://dummyimage.com/1000x1000.png/ff4444/ffffff','2024-06-03 05:32:53','2024-06-03 05:32:53'),(913,10000.00,'Pastry - Plain Baked Croissant',34,'http://dummyimage.com/1000x1000.png/dddddd/000000','2024-06-03 05:32:53','2024-06-03 05:32:53'),(914,20000.00,'Foil - Round Foil',74,'http://dummyimage.com/1000x1000.png/ff4444/ffffff','2024-06-03 05:32:53','2024-06-03 05:32:53'),(915,30000.00,'Wine - Cahors Ac 2000, Clos',90,'http://dummyimage.com/1000x1000.png/5fa2dd/ffffff','2024-06-03 05:32:53','2024-06-03 05:32:53'),(916,10000.00,'Basil - Dry, Rubbed',61,'http://dummyimage.com/1000x1000.png/dddddd/000000','2024-06-03 05:32:53','2024-06-03 05:32:53'),(917,50000.00,'Wine - Domaine Boyar Royal',64,'http://dummyimage.com/1000x1000.png/ff4444/ffffff','2024-06-03 05:32:53','2024-06-03 05:32:53'),(918,30000.00,'Tea - Vanilla Chai',45,'http://dummyimage.com/1000x1000.png/5fa2dd/ffffff','2024-06-03 05:32:53','2024-06-03 05:32:53'),(919,60000.00,'Clams - Bay',47,'http://dummyimage.com/1000x1000.png/dddddd/000000','2024-06-03 05:32:53','2024-06-03 05:32:53'),(920,10000.00,'Wine - Lou Black Shiraz',94,'http://dummyimage.com/1000x1000.png/ff4444/ffffff','2024-06-03 05:32:53','2024-06-03 05:32:53'),(921,40000.00,'Rabbit - Whole',4,'http://dummyimage.com/1000x1000.png/5fa2dd/ffffff','2024-06-03 05:32:53','2024-06-03 05:32:53'),(922,90000.00,'Foie Gras',64,'http://dummyimage.com/1000x1000.png/cc0000/ffffff','2024-06-03 05:32:53','2024-06-03 05:32:53'),(923,90000.00,'Soap - Pine Sol Floor Cleaner',2,'http://dummyimage.com/1000x1000.png/dddddd/000000','2024-06-03 05:32:53','2024-06-03 05:32:53'),(924,30000.00,'Gherkin',34,'http://dummyimage.com/1000x1000.png/dddddd/000000','2024-06-03 05:32:53','2024-06-03 05:32:53'),(925,90000.00,'Soup - Campbells Pasta Fagioli',31,'http://dummyimage.com/1000x1000.png/cc0000/ffffff','2024-06-03 05:32:53','2024-06-03 05:32:53'),(926,50000.00,'Bar Special K',36,'http://dummyimage.com/1000x1000.png/dddddd/000000','2024-06-03 05:32:53','2024-06-03 05:32:53'),(927,60000.00,'Ostrich - Prime Cut',100,'http://dummyimage.com/1000x1000.png/5fa2dd/ffffff','2024-06-03 05:32:53','2024-06-03 05:32:53'),(928,80000.00,'Jerusalem Artichoke',70,'http://dummyimage.com/1000x1000.png/ff4444/ffffff','2024-06-03 05:32:53','2024-06-03 05:32:53'),(929,50000.00,'Juice - Grape, White',17,'http://dummyimage.com/1000x1000.png/5fa2dd/ffffff','2024-06-03 05:32:53','2024-06-03 05:32:53'),(930,80000.00,'Garbage Bags - Clear',71,'http://dummyimage.com/1000x1000.png/ff4444/ffffff','2024-06-03 05:32:53','2024-06-03 05:32:53'),(931,20000.00,'Scampi Tail',44,'http://dummyimage.com/1000x1000.png/ff4444/ffffff','2024-06-03 05:32:53','2024-06-03 05:32:53'),(932,20000.00,'Coffee - Ristretto Coffee Capsule',85,'http://dummyimage.com/1000x1000.png/cc0000/ffffff','2024-06-03 05:32:53','2024-06-03 05:32:53'),(933,30000.00,'Juice - Happy Planet',35,'http://dummyimage.com/1000x1000.png/dddddd/000000','2024-06-03 05:32:53','2024-06-03 05:32:53'),(934,40000.00,'Chocolate - Dark',13,'http://dummyimage.com/1000x1000.png/ff4444/ffffff','2024-06-03 05:32:53','2024-06-03 05:32:53'),(935,90000.00,'Pears - Bartlett',91,'http://dummyimage.com/1000x1000.png/5fa2dd/ffffff','2024-06-03 05:32:53','2024-06-03 05:32:53'),(936,20000.00,'Sugar - Icing',51,'http://dummyimage.com/1000x1000.png/5fa2dd/ffffff','2024-06-03 05:32:53','2024-06-03 05:32:53'),(937,80000.00,'Garlic',58,'http://dummyimage.com/1000x1000.png/dddddd/000000','2024-06-03 05:32:53','2024-06-03 05:32:53'),(938,60000.00,'Scallops - Live In Shell',53,'http://dummyimage.com/1000x1000.png/dddddd/000000','2024-06-03 05:32:53','2024-06-03 05:32:53'),(939,90000.00,'Chutney Sauce',74,'http://dummyimage.com/1000x1000.png/ff4444/ffffff','2024-06-03 05:32:53','2024-06-03 05:32:53'),(940,90000.00,'Bread - Bistro White',75,'http://dummyimage.com/1000x1000.png/dddddd/000000','2024-06-03 05:32:53','2024-06-03 05:32:53'),(941,100000.00,'Foie Gras',34,'http://dummyimage.com/1000x1000.png/cc0000/ffffff','2024-06-03 05:32:53','2024-06-03 05:32:53'),(942,100000.00,'Devonshire Cream',81,'http://dummyimage.com/1000x1000.png/dddddd/000000','2024-06-03 05:32:53','2024-06-03 05:32:53'),(943,40000.00,'Beer - True North Lager',76,'http://dummyimage.com/1000x1000.png/cc0000/ffffff','2024-06-03 05:32:53','2024-06-03 05:32:53'),(944,100000.00,'Zucchini - Mini, Green',19,'http://dummyimage.com/1000x1000.png/5fa2dd/ffffff','2024-06-03 05:32:53','2024-06-03 05:32:53'),(945,60000.00,'Anchovy In Oil',81,'http://dummyimage.com/1000x1000.png/5fa2dd/ffffff','2024-06-03 05:32:53','2024-06-03 05:32:53'),(946,70000.00,'Chilli Paste, Hot Sambal Oelek',44,'http://dummyimage.com/1000x1000.png/ff4444/ffffff','2024-06-03 05:32:53','2024-06-03 05:32:53'),(947,10000.00,'Oil - Coconut',90,'http://dummyimage.com/1000x1000.png/5fa2dd/ffffff','2024-06-03 05:32:53','2024-06-03 05:32:53'),(948,70000.00,'Pear - Halves',35,'http://dummyimage.com/1000x1000.png/ff4444/ffffff','2024-06-03 05:32:53','2024-06-03 05:32:53'),(949,90000.00,'Oil - Cooking Spray',24,'http://dummyimage.com/1000x1000.png/cc0000/ffffff','2024-06-03 05:32:53','2024-06-03 05:32:53'),(950,60000.00,'Pastrami',50,'http://dummyimage.com/1000x1000.png/cc0000/ffffff','2024-06-03 05:32:53','2024-06-03 05:32:53'),(951,60000.00,'Chocolate - Chips Compound',41,'http://dummyimage.com/1000x1000.png/ff4444/ffffff','2024-06-03 05:32:53','2024-06-03 05:32:53'),(952,10000.00,'Beans - Kidney White',51,'http://dummyimage.com/1000x1000.png/5fa2dd/ffffff','2024-06-03 05:32:53','2024-06-03 05:32:53'),(953,30000.00,'Beef - Rib Eye Aaa',23,'http://dummyimage.com/1000x1000.png/cc0000/ffffff','2024-06-03 05:32:53','2024-06-03 05:32:53'),(954,60000.00,'Chips - Potato Jalapeno',7,'http://dummyimage.com/1000x1000.png/ff4444/ffffff','2024-06-03 05:32:53','2024-06-03 05:32:53'),(955,10000.00,'Beer - Upper Canada Lager',25,'http://dummyimage.com/1000x1000.png/cc0000/ffffff','2024-06-03 05:32:53','2024-06-03 05:32:53'),(956,80000.00,'Rosemary - Primerba, Paste',61,'http://dummyimage.com/1000x1000.png/ff4444/ffffff','2024-06-03 05:32:53','2024-06-03 05:32:53'),(957,40000.00,'Sour Puss - Tangerine',97,'http://dummyimage.com/1000x1000.png/cc0000/ffffff','2024-06-03 05:32:53','2024-06-03 05:32:53'),(958,10000.00,'Wonton Wrappers',15,'http://dummyimage.com/1000x1000.png/5fa2dd/ffffff','2024-06-03 05:32:53','2024-06-03 05:32:53'),(959,60000.00,'Veal - Brisket, Provimi,bnls',84,'http://dummyimage.com/1000x1000.png/dddddd/000000','2024-06-03 05:32:53','2024-06-03 05:32:53'),(960,90000.00,'Pepper Squash',14,'http://dummyimage.com/1000x1000.png/cc0000/ffffff','2024-06-03 05:32:53','2024-06-03 05:32:53'),(961,70000.00,'Grapefruit - White',73,'http://dummyimage.com/1000x1000.png/cc0000/ffffff','2024-06-03 05:32:53','2024-06-03 05:32:53'),(962,20000.00,'Veal - Insides, Grains',72,'http://dummyimage.com/1000x1000.png/cc0000/ffffff','2024-06-03 05:32:53','2024-06-03 05:32:53'),(963,50000.00,'Vermacelli - Sprinkles, Assorted',59,'http://dummyimage.com/1000x1000.png/ff4444/ffffff','2024-06-03 05:32:53','2024-06-03 05:32:53'),(964,80000.00,'Soup - Campbells Mushroom',20,'http://dummyimage.com/1000x1000.png/5fa2dd/ffffff','2024-06-03 05:32:53','2024-06-03 05:32:53'),(965,10000.00,'Wine - Barossa Valley Estate',82,'http://dummyimage.com/1000x1000.png/5fa2dd/ffffff','2024-06-03 05:32:53','2024-06-03 05:32:53'),(966,70000.00,'Squeeze Bottle',57,'http://dummyimage.com/1000x1000.png/cc0000/ffffff','2024-06-03 05:32:53','2024-06-03 05:32:53'),(967,20000.00,'Marsala - Sperone, Fine, D.o.c.',33,'http://dummyimage.com/1000x1000.png/dddddd/000000','2024-06-03 05:32:53','2024-06-03 05:32:53'),(968,30000.00,'Oyster - In Shell',23,'http://dummyimage.com/1000x1000.png/dddddd/000000','2024-06-03 05:32:53','2024-06-03 05:32:53'),(969,40000.00,'Pie Filling - Apple',58,'http://dummyimage.com/1000x1000.png/5fa2dd/ffffff','2024-06-03 05:32:53','2024-06-03 05:32:53'),(970,90000.00,'Pie Filling - Cherry',95,'http://dummyimage.com/1000x1000.png/dddddd/000000','2024-06-03 05:32:53','2024-06-03 05:32:53'),(971,80000.00,'Vodka - Moskovskaya',76,'http://dummyimage.com/1000x1000.png/dddddd/000000','2024-06-03 05:32:53','2024-06-03 05:32:53'),(972,100000.00,'Pie Filling - Apple',91,'http://dummyimage.com/1000x1000.png/dddddd/000000','2024-06-03 05:32:53','2024-06-03 05:32:53'),(973,60000.00,'Pineapple - Canned, Rings',93,'http://dummyimage.com/1000x1000.png/dddddd/000000','2024-06-03 05:32:53','2024-06-03 05:32:53'),(974,80000.00,'Knife Plastic - White',74,'http://dummyimage.com/1000x1000.png/dddddd/000000','2024-06-03 05:32:53','2024-06-03 05:32:53'),(975,50000.00,'Bread - 10 Grain',70,'http://dummyimage.com/1000x1000.png/dddddd/000000','2024-06-03 05:32:53','2024-06-03 05:32:53'),(976,30000.00,'Chicken - Breast, 5 - 7 Oz',2,'http://dummyimage.com/1000x1000.png/5fa2dd/ffffff','2024-06-03 05:32:53','2024-06-03 05:32:53'),(977,100000.00,'Dates',93,'http://dummyimage.com/1000x1000.png/dddddd/000000','2024-06-03 05:32:53','2024-06-03 05:32:53'),(978,30000.00,'Muffin - Mix - Strawberry Rhubarb',42,'http://dummyimage.com/1000x1000.png/ff4444/ffffff','2024-06-03 05:32:53','2024-06-03 05:32:53'),(979,10000.00,'Garlic - Elephant',65,'http://dummyimage.com/1000x1000.png/ff4444/ffffff','2024-06-03 05:32:53','2024-06-03 05:32:53'),(980,10000.00,'Breakfast Quesadillas',54,'http://dummyimage.com/1000x1000.png/5fa2dd/ffffff','2024-06-03 05:32:53','2024-06-03 05:32:53'),(981,40000.00,'Wild Boar - Tenderloin',64,'http://dummyimage.com/1000x1000.png/dddddd/000000','2024-06-03 05:32:53','2024-06-03 05:32:53'),(982,10000.00,'Energy Drink',60,'http://dummyimage.com/1000x1000.png/dddddd/000000','2024-06-03 05:32:53','2024-06-03 05:32:53'),(983,50000.00,'Coffee - Cafe Moreno',22,'http://dummyimage.com/1000x1000.png/ff4444/ffffff','2024-06-03 05:32:53','2024-06-03 05:32:53'),(984,70000.00,'Pepper - Chilli Seeds Mild',62,'http://dummyimage.com/1000x1000.png/cc0000/ffffff','2024-06-03 05:32:53','2024-06-03 05:32:53'),(985,40000.00,'Cabbage - Red',83,'http://dummyimage.com/1000x1000.png/ff4444/ffffff','2024-06-03 05:32:53','2024-06-03 05:32:53'),(986,70000.00,'Capicola - Hot',39,'http://dummyimage.com/1000x1000.png/ff4444/ffffff','2024-06-03 05:32:53','2024-06-03 05:32:53'),(987,30000.00,'Fish - Scallops, Cold Smoked',57,'http://dummyimage.com/1000x1000.png/dddddd/000000','2024-06-03 05:32:53','2024-06-03 05:32:53'),(988,60000.00,'Bread - Roll, Whole Wheat',30,'http://dummyimage.com/1000x1000.png/cc0000/ffffff','2024-06-03 05:32:53','2024-06-03 05:32:53'),(989,100000.00,'Pastry - Trippleberry Muffin - Mini',91,'http://dummyimage.com/1000x1000.png/cc0000/ffffff','2024-06-03 05:32:53','2024-06-03 05:32:53'),(990,60000.00,'Brandy - Orange, Mc Guiness',53,'http://dummyimage.com/1000x1000.png/cc0000/ffffff','2024-06-03 05:32:53','2024-06-03 05:32:53'),(991,50000.00,'Napkin - Cocktail,beige 2 - Ply',57,'http://dummyimage.com/1000x1000.png/cc0000/ffffff','2024-06-03 05:32:53','2024-06-03 05:32:53'),(992,30000.00,'Huck White Towels',38,'http://dummyimage.com/1000x1000.png/dddddd/000000','2024-06-03 05:32:53','2024-06-03 05:32:53'),(993,20000.00,'Sauce - Roasted Red Pepper',98,'http://dummyimage.com/1000x1000.png/dddddd/000000','2024-06-03 05:32:53','2024-06-03 05:32:53'),(994,90000.00,'Bread - Rosemary Focaccia',91,'http://dummyimage.com/1000x1000.png/dddddd/000000','2024-06-03 05:32:53','2024-06-03 05:32:53'),(995,50000.00,'Lettuce - Boston Bib - Organic',19,'http://dummyimage.com/1000x1000.png/dddddd/000000','2024-06-03 05:32:53','2024-06-03 05:32:53'),(996,20000.00,'Cake - Cheese Cake 9 Inch',99,'http://dummyimage.com/1000x1000.png/5fa2dd/ffffff','2024-06-03 05:32:53','2024-06-03 05:32:53'),(997,20000.00,'Red Snapper - Fillet, Skin On',61,'http://dummyimage.com/1000x1000.png/dddddd/000000','2024-06-03 05:32:53','2024-06-03 05:32:53'),(998,100000.00,'Garlic Powder',84,'http://dummyimage.com/1000x1000.png/5fa2dd/ffffff','2024-06-03 05:32:53','2024-06-03 05:32:53'),(999,90000.00,'Flounder - Fresh',11,'http://dummyimage.com/1000x1000.png/ff4444/ffffff','2024-06-03 05:32:53','2024-06-03 05:32:53'),(1000,50000.00,'Appetizer - Asian Shrimp Roll',32,'http://dummyimage.com/1000x1000.png/dddddd/000000','2024-06-03 05:32:53','2024-06-03 05:32:53');
/*!40000 ALTER TABLE `products` ENABLE KEYS */;
UNLOCK TABLES;

--
-- Table structure for table `users`
--

DROP TABLE IF EXISTS `users`;
/*!40101 SET @saved_cs_client     = @@character_set_client */;
/*!50503 SET character_set_client = utf8mb4 */;
CREATE TABLE `users` (
  `id` bigint unsigned NOT NULL AUTO_INCREMENT,
  `name` varchar(255) COLLATE utf8mb4_unicode_ci NOT NULL,
  `email` varchar(255) COLLATE utf8mb4_unicode_ci NOT NULL,
  `email_verified_at` timestamp NULL DEFAULT NULL,
  `password` varchar(255) COLLATE utf8mb4_unicode_ci NOT NULL,
  `remember_token` varchar(100) COLLATE utf8mb4_unicode_ci DEFAULT NULL,
  `created_at` timestamp NULL DEFAULT NULL,
  `updated_at` timestamp NULL DEFAULT NULL,
  PRIMARY KEY (`id`),
  UNIQUE KEY `users_email_unique` (`email`)
) ENGINE=InnoDB AUTO_INCREMENT=3 DEFAULT CHARSET=utf8mb4 COLLATE=utf8mb4_unicode_ci;
/*!40101 SET character_set_client = @saved_cs_client */;

--
-- Dumping data for table `users`
--

LOCK TABLES `users` WRITE;
/*!40000 ALTER TABLE `users` DISABLE KEYS */;
INSERT INTO `users` VALUES (1,'John Doe','johndoe@gmail.com',NULL,'$2y$12$3Fix530mmA8tr6F1mgBm.OXYuZ9NdLBKr3HDslSegJk9oA8GAFogq',NULL,'2024-06-03 05:32:26','2024-06-03 05:32:26'),(2,'Jane Doe','janedoe@gmail.com',NULL,'$2y$12$pWhmnhTI1OAdH2IYPOvVGupqoQgP.luW69b1XDmSXE8xGLc7NWV7m',NULL,'2024-06-03 05:32:26','2024-06-03 05:32:26');
/*!40000 ALTER TABLE `users` ENABLE KEYS */;
UNLOCK TABLES;
/*!40103 SET TIME_ZONE=@OLD_TIME_ZONE */;

/*!40101 SET SQL_MODE=@OLD_SQL_MODE */;
/*!40014 SET FOREIGN_KEY_CHECKS=@OLD_FOREIGN_KEY_CHECKS */;
/*!40014 SET UNIQUE_CHECKS=@OLD_UNIQUE_CHECKS */;
/*!40101 SET CHARACTER_SET_CLIENT=@OLD_CHARACTER_SET_CLIENT */;
/*!40101 SET CHARACTER_SET_RESULTS=@OLD_CHARACTER_SET_RESULTS */;
/*!40101 SET COLLATION_CONNECTION=@OLD_COLLATION_CONNECTION */;
/*!40111 SET SQL_NOTES=@OLD_SQL_NOTES */;

-- Dump completed on 2024-06-04 23:35:45
